Title,Category,Date,URL,Content
Mắt kính chống co giật cho người động kinh,"
Khoa học
",24/11/2024 17:35 GMT+7,https://cdn.tuoitre.vn/thumb_w/730/471584752817336320/2024/11/24/kinh-chong-co-giat-17324438093721812673971.png,"Mẫu kính có khả năng ngăn chặn các bước sóng ánh sáng gây co giật ở người mắc chứng động kinh - Ảnh: Phys. Theo công bố trên tạp chí Cell Reports Physical Science, tròng kính mẫu thử được chế tạo từ tinh thể lỏng, có thể chặn tới 98% ánh sáng trong dải bước sóng 660-720nm - dải sóng được xác định là nguyên nhân gây co giật ở đa số bệnh nhân động kinh nhạy cảm với ánh sáng.. Giáo sư Zubair Ahmed, chuyên gia thần kinh học tại Đại học Birmingham, đồng tác giả nghiên cứu, cho biết: ""Đây là dự án vô cùng thú vị. Cách đây 4 năm khi bắt đầu, chúng tôi cứ ngỡ đây là một ý tưởng viễn tưởng. Giờ đây chúng tôi đã chứng minh được tiềm năng sử dụng tròng kính tinh thể lỏng trong việc lọc các bước sóng ánh sáng cụ thể"".. Cơ chế hoạt động của kính dựa trên mạch điện nhỏ gọn được tích hợp trong gọng, điều khiển nhiệt độ tròng kính. Khi kích hoạt, tròng kính sẽ ở nhiệt độ vừa phải, tạo cảm giác thoải mái cho người đeo đồng thời ngăn chặn hiệu quả ánh sáng có thể gây co giật, đặc biệt hữu ích khi xem TV hay chơi game máy tính.. Giáo sư Rami Ghannam, chuyên gia điện tử học tại Đại học Glasgow, tác giả chính của nghiên cứu, nhấn mạnh: ""Dự án này cho thấy sự hợp tác giữa các ngành kỹ thuật, thần kinh học và toán học có thể mang đến những phát kiến có tiềm năng cải thiện đáng kể cuộc sống của bệnh nhân"".. Tuy nhiên, mẫu thử kính hiện tại mới chỉ hoạt động hiệu quả ở nhiệt độ phòng tối đa 26°C. Nhóm nghiên cứu cho biết họ đang tiếp tục cải tiến để nâng cao hiệu suất và tốc độ điều chỉnh nhiệt của kính trước khi tiến hành thử nghiệm trên người.. Đó là chia sẻ của bác sĩ Hoàng Tiến Trọng Nghĩa về số bệnh nhân đến khám bệnh tại Bệnh viện Quân y 175, điều này cho thấy bệnh động kinh đang ngày càng phổ biến, đặt ra nhiều thách thức trong việc chẩn đoán và điều trị bệnh."
Triệt xóa đường dây ma túy lớn nhất Buôn Ma Thuột,"
Pháp luật
",24/11/2024 17:19 GMT+7,https://cdn.tuoitre.vn/thumb_w/730/471584752817336320/2024/11/24/base64-17324354817751376081645.jpeg,"Công an bắt giữ Thắng (áo đen) với tang vật là hàng ngàn viên ma túy - Ảnh: SỸ ĐỨC. Ngày 24-11, Công an TP Buôn Ma Thuột (Đắk Lắk) cho biết đã sơ kết chuyên án về đường dây mua bán ma túy lớn nhất từ trước đến nay trên địa bàn thành phố.. Theo điều tra ban đầu, qua trinh sát, công an phát hiện Chu Minh Ngọc Thắng (34 tuổi, trú tại phường Tự An, TP Buôn Ma Thuột), từng có 2 tiền án 9 năm tù giam cùng về tội cố ý gây thương tích, có vai trò lớn trong đường dây mua bán ma túy.. Chiều 26-8, phát hiện Thắng điều khiển xe máy chở một thùng hàng ra khỏi nhà có nhiều biểu hiện nghi vấn, 1 tổ công tác của Công an TP Buôn Ma Thuột đã ập bắt và kiểm tra nhà của nghi can trên đường Hùng Vương, phường Tự An.. Tại đây, công an phát hiện 4.960 viên ma túy loại MDMA và 1kg ma túy loại ketamine được ngụy trang trong thùng thuốc nam.. Tiếp tục đấu tranh mở rộng, ngày 29-8, lực lượng công an đã bắt giữ Lê Xuân Lưu (53 tuổi, trú tại xã Hòa Phú, TP Buôn Ma Thuột) để điều tra hành vi mua bán, tàng trữ ma túy.. Tang vật của vụ mua bán, tàng trữ ma túy rất lớn vừa được triệt phá - Ảnh: SỸ ĐỨC. Quá trình điều tra, công an xác định Quang Minh Dũng có liên quan đến đường dây ma túy này nên ngày 30-8 đã cử một tổ công tác ra tỉnh Nghệ An bắt giữ Dũng.. Đến nay, Công an TP Buôn Ma Thuột đã ra quyết định khởi tố Chu Minh Ngọc Thắng về hành vi ""mua bán trái phép chất ma túy""; Lê Xuân Lưu về hành vi ""tàng trữ trái phép chất ma túy""; Quang Minh Dũng (18 tuổi, trú tại xã Cắm Muộn, huyện Quế Phong, tỉnh Nghệ An) về hành vi ""vận chuyển trái phép chất ma túy"".. Công an TP Buôn Ma Thuột cũng chuyển hồ sơ Chu Minh Ngọc Thắng cho Cơ quan cảnh sát điều tra Công an tỉnh Đắk Lắk thụ lý theo thẩm quyền.. Xeng và Sisavanh Yongyaerlor vận chuyển thuê 70kg ma túy từ Lào vào Việt Nam để lấy 28.000 USD tiền công, thì bị lực lượng chức năng phát hiện, bắt giữ.. "
Bất ngờ giữa sa mạc lại có loài cá sống trên 100 tuổi,"
Khoa học
",24/11/2024 17:17 GMT+7,https://cdn.tuoitre.vn/thumb_w/730/471584752817336320/2024/11/24/ca-trau-2-1732437430436745393350.jpg,"Một con cá trâu tại Apache - Ảnh: ĐẠI HỌC MINNESOTA. Những năm qua, các nhà nghiên cứu Đại học Minnesota miệt mài nghiên cứu các loài cá thuộc chi cá trâu (Ictiobus) bao gồm cá trâu môi lớn, trâu môi nhỏ, trâu đen.. Các khảo sát và thí nghiệm chỉ ra những loài cá này không chỉ sống sót trong điều kiện môi trường khắc nghiệt mà còn có tuổi thọ đáng kinh ngạc. Thậm chí, nhiều con đã vượt qua mọi giới hạn về sự lão hóa của động vật có xương sống.. Mọi chuyện bắt đầu khi một số ngư dân bắt gặp những đốm cam và đen kỳ lạ trên cơ thể nhiều con cá trâu tại hồ chứa Apache, vùng sa mạc Arizona, nơi các điều kiện sống vô cùng khắc nghiệt.. Các ngư dân đã không giấu được sự tò mò và liên hệ với nhà ngư học Alec Lackmann từ Đại học Minnesota để tiến hành phân tích khoa học.. Nhóm nghiên cứu đã phân tích otoliths - những ""sỏi tai"" nằm bên trong hộp sọ của cá. Tương tự như vòng cây, otolith phát triển từng lớp mỗi năm, cho phép các nhà khoa học xác định chính xác tuổi của cá qua kính hiển vi.. Kết quả phân tích cho thấy một số con cá trâu đầu tiên được thả vào khu vực thượng hồ Apache đã sống từ năm 1918 đến nay.. Hình ảnh phân tích ""sỏi tai"" của nhiều con cá trâu hồ Apache - Ảnh: ĐẠI HỌC MINNESOTA. Nhóm đối chiếu lại các tư liệu được lưu trữ và nhận thấy những con cá này ban đầu được nuôi ở các trại giống và ao nuôi dọc sông Mississippi ở miền Trung Tây, sau đó được chính phủ thả vào hồ này năm 1918.. Mở rộng nghiên cứu, nhóm nhận thấy hơn 90% số cá trâu ở hồ Apache đã sống hơn 85 năm.. Ngoài hồ Apache, năm 2019 nhóm phát hiện tiếp tục một con cá trâu miệng lớn sống đến 112 tuổi ở Pelican Rapids, Minnesota.. Đến tháng 1-2023, nhóm nghiên cứu tiếp tục phát hiện một con cá trâu miệng lớn ở Saskatchewan (Canada) sống đến 127 tuổi. Nhóm cho rằng đây là một trong những loài cá nước ngọt sống lâu nhất còn tồn tại đến ngày nay.. Cá trâu có nguồn gốc từ miền trung Bắc Mỹ. Chúng có thể dài hơn 1,2m và nặng 29kg.. Trước đó, nhiều nhà nghiên cứu tin rằng cá trâu chỉ có thể sống khoảng 30 tuổi.. Bắt cá trâu tại hồ Apache - Ảnh: ĐẠI HỌC MINNESOTA. Hiện tại, Lackmann và các đồng nghiệp đang tiếp tục theo dõi các loài cá trâu miệng lớn và tập trung vào nghiên cứu DNA, sinh lý học, khả năng chống nhiễm trùng và so sánh các hệ thống sinh học theo thời gian.. Một trong những phát hiện ban đầu cho thấy loài cá này khi bước vào tuổi già lại thể hiện hệ miễn dịch hoạt động hiệu quả và phản ứng tốt hơn trước các áp lực.. Cá trâu già ít bị căng thẳng hơn và có sức đề kháng tốt hơn nhờ khả năng chống lại vi khuẩn. Tỉ lệ bạch cầu hạt trung tính và tế bào lympho trong máu của chúng thấp, một dấu hiệu cho thấy mức độ căng thẳng thấp.. Ngoài ra, môi trường sống khắc nghiệt khiến chúng khó sinh sản, từ đó đòi hỏi chúng phải sống thọ nhằm bù đắp cho khoảng thời gian dài không sinh sản. Chẳng hạn tại Saskatchewan, đã có những con cá trâu sống tới 50 năm mà không đẻ trứng.. Bên cạnh đó, những hồ nơi cá trâu sống ít bị khai thác thương mại cũng góp phần duy trì đời sống ổn định của chúng.. Sau một thế kỷ vắng bóng do nạn săn bắt, những con cá voi Sei khổng lồ màu xanh xám đang quay trở lại vùng biển Patagonia của Argentina."
'Bún chửi' cô Huyền khét tiếng Sài Gòn,"
Văn hóa
",24/11/2024 17:15 GMT+7,https://cdn.tuoitre.vn/thumb_w/730/471584752817336320/2024/11/24/bun-nuoc-3-17324397074441693919912.jpg,"Cô Huyền làm không ngơi tay, vừa làm vừa thể hiện ""ngón nghề"" thương hiệu của mình - Ảnh: TÔ CƯỜNG. Quán bún chửi cô Huyền nằm sâu trong con ngõ đường Nguyễn Công Hoan, phường 7, quận Phú Nhuận, sau lưng công viên văn hóa Phú Nhuận.. Tuy đường vào dày đặc hàng quán và những con đường nhỏ, quán cô Huyền vẫn rất dễ kiếm vì từ đầu hẻm, thực khách đã nghe vang vọng tiếng ""chửi"" như hát hay từ chủ quán.. Khách vào quán nhớ gọi cho đúng tên món là bún nước chứ lỡ miệng kêu bún chửi là sẽ được cô Huyền ""chiều"" ngay.. Chắc chắn một số độc giả đọc tới đây sẽ tự hỏi bún nước là món gì sao chưa nghe bao giờ? Đây là một món độc nhất vô nhị tại TP.HCM, khác hoàn toàn với bún nước lèo xuất xứ từ người Khmer nổi danh các tỉnh miền Tây.. Dù chưa rõ nguồn gốc của món ăn này, theo lời chủ quán thì đây là một trong những hàng bún nước đầu tiên tại TP.HCM và đã bán hơn 30 năm, công thức do mẹ và bà cô truyền lại.. Phần mì trộn tương ớt, muối ớt, bột ngọt, tiêu trông khá ""sinh viên"" - Ảnh: TÔ CƯỜNG. Xung quanh khu vực Phú Nhuận cũng bắt đầu có những quán bán theo món ăn này, điểm chung là phải có chữ ""cô"" đứng đằng trước như quán cô Có, cô Dung... mới đúng điệu.. Tuy là hàng bún nước nhưng món bán chạy nhất ở quán cô Huyền vẫn là mì nước/trộn.. Về căn bản vẫn là món bún nước nhưng thay bằng vắt mì tôm, ai ăn khô thì trộn cùng tiêu, bột ngọt và muối ớt.. Thoạt nhìn, những thành phần của món có phần hơi ""lai căng"" khi có nào là thịt bò, chả bò, chả tôm, bò viên, bánh phồng tôm và trứng lòng đào.. Khi món ăn được bưng ra, người viết ngay lập tức liên tưởng đến những bữa ăn mì tôm ""sang chảnh"" thời sinh viên, khi mà lục tủ lạnh có món gì thì trụng với nước sôi rồi thưởng thức.. Chén nước dùng gồm thịt bò, chả bò, chả tôm, bò viên, trứng lòng đào, ngon nhất trong chén này có lẽ là chả tôm dai dai được nêm nếm vừa đủ - Ảnh: TÔ CƯỜNG. Phần nước dùng trông đục đục, đi kèm theo hành lá, hành phi và có bọt do trứng gà và thịt bò, tạo nên cảm giác hoài niệm khó tả.. Húp thử một muỗng, những nguyên liệu như chả tôm, thịt bò và vị cay nhẹ từ tiêu và ớt làm cho hương vị nước dùng trở nên khá đậm đà, nhưng nhìn chung không nổi bật, đặc trưng để có thể gọi đây là một món mới lạ, độc đáo.. So sánh là thế nhưng một tô bún/mì nước lại có giá không hề ""sinh viên"" khi lên đến hơn 70.000 đồng.. Trên các trang mạng xã hội, mỗi lần cái tên bún chửi cô Huyền được nhắc tới là lập tức tranh cãi gay gắt sẽ nổ ra. Trong đó phần lớn là phê bình đồ ăn không có gì đặc sắc mà lại còn nghe chửi và phải trả cái giá đắt đỏ.. Có người đùa rằng khi đến đây ngoài trả tiền để ăn bún nước còn phải đi kèm thêm khoản ""phí nghe chửi"" nữa mới có giá như thế.. Tuy chất lượng đồ ăn không tệ nhưng vị ngon không phải là lý do thực khách gần xa tìm đến bún chửi cô Huyền - Ảnh: TÔ CƯỜNG. Thực chất theo quan sát của người viết, khi quán ít khách cô Huyền mặc nhiên không hề chửi, phải đến khi thấy từng đoàn người từ đầu ngõ tiến vào cô mới bắt đầu lớn tiếng.. Mà những lời ""chửi"" này cũng không dành cho khách mà là những lời nhắc nhở nhân viên quán những điều nhỏ nhặt như lau dọn hay bưng món này đi bàn nào.... Khi trò chuyện, cô Huyền cũng niềm nở, không tỏ ra là người hung dữ, có lẽ cô chỉ chửi để duy trì ""thương hiệu"" của quán, nói vui là giống như một cách marketing đầy dân dã.. Quả thật, nếu không có thương hiệu bún chửi gây tò mò, chắc hẳn quán cô Huyền sẽ không đông khách suốt nhiều năm qua như vậy, ""tiếng lành đồn xa"" cũng khiến nhiều YouTuber, TikToker, người làm truyền thông... trong đó có người viết tìm đến quán để trải nghiệm.. Cũng có nhiều người từ tò mò đến ăn thử rồi mến luôn cái không khí náo nhiệt và hương vị quán để rồi thành khách quen, từ đó bún chửi cô Huyền cũng ghi dấu ấn riêng trong lòng người dân TP.HCM.. Một trong những quán canh bún quen thuộc với nhiều người Sài Gòn, có nhiều tên gọi qua từng năm tháng như canh bún trên lầu, canh bún đường ray hay cái tên lưu giữ lâu nhất - canh bún Mẹ Tôi."
Vợ chồng ca sĩ Bích Tuyền sẽ khởi kiện Đàm Vĩnh Hưng?,"
Giải trí
",24/11/2024 17:09 GMT+7,https://cdn.tuoitre.vn/thumb_w/730/471584752817336320/2024/11/24/base64-1732439479228965953663.jpeg,"Ca sĩ Đàm Vĩnh Hưng kiện ông Gerard Williams, chủ nhà nơi xảy ra tai nạn ở Mỹ - Ảnh: FBNV. Trong livestream trưa 24-11, bầu sô Dũng Taylor - chồng ca sĩ Thu Phương - cho biết ông có trong tay lá thư phía luật sư nguyên đơn gửi đến địa chỉ nhà ông Gerard Williams yêu cầu đền bù 20 triệu USD.. Theo đó, nếu bên bị đơn là ông Gerard Williams không chịu đền bù thiệt hại trước ngày 13-11, nguyên đơn là ca sĩ Đàm Vĩnh Hưng sẽ khởi kiện, sẽ đòi bền bù số tiền lên 50 triệu USD.. Bầu sô Dũng Taylor giải thích con số yêu cầu đền bù trước đây là 15 triệu USD là con số ca sĩ Bích Tuyền cung cấp cho báo chí. Con số tăng có thể do cộng thêm số tiền nhờ luật sư khởi kiện.. Ông khẳng định rằng ông nhận được lá thư yêu cầu bồi thường do người trong cuộc chuyển, nhưng không nói cụ thể là ai.. Ông Dũng Taylor thông tin lá thư này được gửi đến nhà ông Gerard Williams ngày 9-10-2024.. Đến ngày 30-10, Tòa thượng thẩm bang California (Mỹ) đã nhận đơn kiện của ca sĩ Đàm Vĩnh Hưng, tức là sau ba tuần gửi thư yêu cầu bồi thường.. Trong thư nêu ngày Đàm Vĩnh Hưng xảy ra sự cố, bị thương là ngày 19-2-2024. Đàm Vĩnh Hưng nói bị thương trầm trọng, vĩnh viễn trọn đời, đứt mấy ngón chân nhưng không nói con số cụ thể. Và nói số tiền đền bù 50 triệu USD là hợp lý, dựa trên tình cảm.. Theo chia sẻ của ông Dũng Taylor, trong tuần tới phía vợ chồng ca sĩ Bích Tuyền sẽ khởi kiện ngược lại Đàm Vĩnh Hưng.. Bầu sô Dũng Taylor tiết lộ ca sĩ Bích Tuyền từng về TP.HCM dự live show Ngày em thắp sao trời của Đàm Vĩnh Hưng - Ảnh: FBNV. Trước đó, trên mạng xã hội lan truyền thông tin ca sĩ Đàm Vĩnh Hưng kiện ông Gerard Williams, chủ nhà nơi xảy ra tai nạn ở Mỹ, đòi bồi thường thiệt hại khiến nhiều người quan tâm.. Theo bà Bích Tuyền, ngày 19-2, nữ doanh nhân Mộng Linh tổ chức tiệc đón Tết Nguyên đán tại biệt thự của vợ chồng bà.. Buổi tiệc quy tụ nhiều ca sĩ, trong đó có Đàm Vĩnh Hưng. Tuy nhiên gần đến cuối chương trình Đàm Vĩnh Hưng gặp tai nạn đáng tiếc, phải nhập viện cấp cứu, buộc phải phẫu thuật, cắt bỏ một số ngón chân.. Thông tin chia sẻ từ ca sĩ Bích Tuyền, Đàm Vĩnh Hưng bị thương ở chân là do anh tự ý leo lên bồn phun nước trong sân để hát, điều này khiến bồn nước bị vỡ làm chân anh bị thương.. Những ngày qua, vụ việc ca sĩ Đàm Vĩnh Hưng kiện ông Gerard Williams, chủ nhà nơi xảy ra tai nạn ở Mỹ, đòi bồi thường thiệt hại khiến nhiều người quan tâm."
Vì sao hàng ngàn người tập trung trước Nhà hát lớn Hà Nội khiến đường tắc từ sáng tới chiều?,"
Giải trí
",24/11/2024 17:02 GMT+7,https://cdn.tuoitre.vn/thumb_w/730/471584752817336320/2024/11/24/jjwjv-1732441142797930947806.jpg,"Nhiều bạn trẻ tập trung trước Nhà hát lớn Hà Nội chiều 24-11 - Ảnh: FACEBOOK. Chiều 24-11, mạng xã hội xuất hiện hình ảnh trước khu vực Nhà hát lớn Hà Nội (quận Hoàn Kiếm, Hà Nội) có hàng ngàn bạn trẻ tập trung gây ùn tắc giao thông nghiêm trọng. Nhiều người đặt câu hỏi tại khu vực này có sự kiện gì mà lại nhiều người tập trung đến như vậy?. Trao đổi với Tuổi Trẻ Online chiều cùng ngày, một lãnh đạo UBND quận Hoàn Kiếm cho biết trong tối 24-11, tại trước khu vực Nhà hát lớn, một tập đoàn lớn của Việt Nam tổ chức sự kiện tri ân khách hàng dịp 20 năm thành lập.. Theo vị này, sự kiện trên mời nhiều ca sĩ nổi tiếng nên thu hút nhiều bạn trẻ tập trung ở đây từ sáng sớm, khiến đường phố ùn tắc nghiêm trọng.. ""Đường đông đúc từ sáng tới giờ, hiện quận đang cấm xe đi vào khu vực trên để đảm bảo an ninh trật tự. Mấy ngàn người kéo đến đây từ sáng tới giờ, càng về chiều tối càng đông hơn"" - vị lãnh đạo UBND quận Hoàn Kiếm cho biết.. Theo tìm hiểu của Tuổi Trẻ Online, sự kiện diễn ra trước khu vực Nhà hát lớn tối 24-11 sẽ có sự góp mặt của các ngôi sao đình đám hàng đầu showbiz Việt như Sơn Tùng M-TP, Isaac, Soobin Hoàng Sơn, HIEUTHUHAI, Hòa Minzy, Orange, Dương Domic…. Cảnh chật kín người trước Nhà hát lớn Hà Nội - Ảnh: FACEBOOK. Sự kiện diễn ra trước khu vực Nhà hát lớn tối 24-11 sẽ có sự góp mặt của các ngôi sao đình đám hàng đầu showbiz Việt - Ảnh: FACEBOOK. TTO - Tùng Dương sẽ lần đầu tiên hát ‘Ngày chưa giông bão’ trước khán giả trong một chương trình live concert tại Nhà hát lớn Hà Nội, sau hơn nửa năm bản cover của anh được phát hành trên tài khoản mạng xã hội Facebook gây sốt."
Phạt thật nghiêm chủ nuôi chó thả rông không rọ mõm để răn đe,"
Bạn đọc làm báo
",24/11/2024 16:49 GMT+7,https://cdn.tuoitre.vn/thumb_w/730/471584752817336320/2024/11/24/cho-3329-1732409180-1732412752806847257805.jpg,"Hai con chó béc giê cắn tử vong bé gái - Ảnh: VTV. Thông tin ""Chó béc giê cắn chết bé gái 5 tuổi, chủ nuôi bị khởi tố, tạm giam"" đăng trên Tuổi Trẻ Online ngày 24-11 nhận được nhiều bình luận của bạn đọc.. Theo đó, Công an huyện Vĩnh Tường vừa ra quyết định khởi tố vụ án, khởi tố bị can, tạm giam bà Phùng Thị Sơn (ở thôn 3, xã Vĩnh Sơn, huyện Vĩnh Tường - chủ hai con chó béc giê cắn chết bé gái 5 tuổi) về tội vô ý làm chết người.. Thời gian qua, không ít vụ việc chó thả rông không rọ mõm, cắn người gây thương tích, thậm chí cắn chết người. Mặc dù cơ quan chức năng đã tuyên truyền, khuyến cáo người dân nuôi chó phải nhốt cẩn thận song nhiều người vẫn chủ quan dẫn đến xảy ra sự việc thương tâm.. Để giải quyết tình trạng này, nhiều bạn đọc đề nghị lực lượng chức năng xử lý nghiêm các chủ nuôi chó để răn đe.. Tha thiết đề nghị xử phạt chủ chó để chó chạy lung tung ngoài đường, bạn đọc Lê Hoài Nam nói: ""Giờ tôi không dám đi bộ. Ra khỏi nhà chó nằm đầy trong hẻm, đi xe máy có hôm nó đuổi theo, quá nguy hiểm"".. Còn theo bạn đọc toan****@gmail.com, nên xử lý nghiêm để răn đe. Đi ra đường có người thả 5-6 con chó chạy lông nhông gây nhiều vụ tai nạn nhưng ""không khởi tố thì không thể răn đe được"".. Cùng quan điểm, bạn đọc Dương Đức Thọ đề xuất cần thiết phải xử nghiêm các chủ nuôi chó để nhắc nhở, răn đe. Nhiều người vì sở thích mà nuôi chó bất chấp, gây nguy hiểm cho người khác, làm mất vệ sinh môi trường, dắt cả đàn đi phóng uế ở đất người ta.. Theo bạn đọc Lưu Hồng, chó thả rông gây tai nạn giao thông, phóng uế bừa bãi, gây nhiều bệnh truyền nhiễm lại cắn chết người. Vì thế cần phạt nặng chủ nuôi vô ý thức, nếu chính quyền không quản được, hãy cho phép người dân tiêu diệt, bắt chó thả rông.. Bà Phùng Thị Sơn (chủ của 2 con chó béc giê) làm việc với công an - Ảnh: VTV. Trong khi đó, bạn đọc Thua****@gmail.com cho rằng qua vụ việc trên cho thấy chủ nuôi không có trách nhiệm. Cần cấm nuôi chó dữ, chó to.. Bạn đọc Tuấn Lò Gốm cũng đề xuất việc nuôi chó dữ, chó to cần phải xin phép và phải đặt ra các quy định khi nuôi chó dữ.. ""Rọ mõm chó ba năm, bạn quên một lúc là nó cắn chết người rồi, không nên nuôi chó dữ vì sẽ có ngày nó cắn người"", kể lại câu chuyện của gia đình mình, bạn đọc Phong cho biết: ""Con tôi đang đi học về nhà bị một con chó bị xích vẫn đủ để chạy ra cắn bất ngờ, gần 10 năm sau đó cháu vẫn hoảng sợ mỗi khi gặp chó"".. Đặt vấn đề tại sao lại để xảy ra tai nạn chết người như vậy, bạn đọc Mèo Tam Thể (quận 4, TP.HCM) nói các cơ quan quản lý phải nghiêm túc trong xử lý, đừng để xảy ra tai nạn rồi mới vào cuộc.. ""Nếu làm không được thì hãy giao cho công ty bắt chó tư nhân. Nếu muốn biết nơi nào có chó thả rông thì người dân sẵn sàng cung cấp video"", bạn đọc Mèo Tam Thể hiến kế.. Còn bạn đọc Thong cho hay ""thấy nuôi chó không biết có lợi không chứ cái hại thì bày ra trước mắt là lông chó bay khắp nhà, hàng xóm bằng mặt không bằng lòng. Quán ăn nào nuôi chó đi lông nhông trong quán là tôi không bao giờ ăn"".. Trong khi đó, bạn đọc Trần Huy cho rằng nên làm nghiêm quy định về quyền và nghĩa vụ sở hữu vật nuôi. Hiện nay có nhiều người cổ xúy cho cái gọi là bảo vệ động vật lên làm một hiện tượng.. Cho nên đã kéo theo phong trào coi quyền chó mèo lên trên quyền con người mà quên mất chó mèo cũng chỉ là vật nuôi, và đã là vật nuôi thì người sở hữu phải chịu trách nhiệm.. Ai cũng biết thả rông chó mèo gây tai nạn giao thông nhiều thế nào. Không rọ mõm thì Việt Nam 1 năm có thể đến 500.000 vụ chó cắn, tốn mỗi năm 800 tỉ đồng để khắc phục. Thế giới có 60.000 người bị chó dại cắn không cứu được, thiệt hại không thể đo lường.. Còn cả vấn đề vệ sinh, khi mà những người ích kỷ chỉ nghĩ sạch mình bẩn ai, gần đây thì có vụ cho chó vệ sinh ở khu vui chơi trẻ em ở khu chung cư.. Bạn đọc Trần Huy cho rằng ""đây là vì sự không quyết đoán của lực lượng chức năng, đồng thời cần phối hợp với bộ phận tuyên truyền, giáo dục để làm dứt điểm vấn đề này"".. Bà Phùng Thị Sơn bị công an khởi tố, tạm giam với cáo buộc vô ý để hai con chó béc giê mình nuôi cắn chết bé gái 5 tuổi ở tỉnh Vĩnh Phúc."
Khong co,"
Thời sự
",24/11/2024 16:32 GMT+7,https://cdn.tuoitre.vn/thumb_w/1100/471584752817336320/2024/11/24/base64-17324365264991105193567.jpeg,"Nổ mìn phá núi để thi công cao tốc Tuyên Quang - Hà Giang - Ảnh: HỒNG QUANG. Khởi công cách đây hơn 1 năm, đường cao tốc Tuyên Quang - Hà Giang với tổng chiều dài hơn 104,5km đang thi công đồng loạt trên toàn tuyến.. Dự án có 27,5km thuộc tỉnh Hà Giang được khởi công từ tháng 5-2023 và 77km qua Tuyên Quang được khởi công sau đó 5 tháng.. Sau hơn 1 năm xây dựng, hình hài con đường trị giá hơn 10.000 tỉ đồng đã được định hình.. Những tia nắng cuối chiều rọi lên những trụ cầu mới, in bóng xuống mặt nước sông Lô tạo nên những vệt dài loang lổ. Một ngày sắp trôi qua. Nhóm công nhân tại khu vực thi công cầu Hàm Yên (cây cầu lớn nhất dự án) vẫn tiếp tục hoạt động của mình như bao ngày trước đó.. ""Bốn tháng mưa lũ liên miên lấy đi của chúng tôi quá nhiều thời gian, giờ là lúc phải nỗ lực bù tiến độ"", ông Nguyễn Đức Thanh, chỉ huy công trường, nói.. Từ góc nhìn phía xa, 3 chiếc máy xúc nằm cheo leo trên một đỉnh núi. Con đường công vụ nối từ khu tập kết tới điểm đào đắp như dựng đứng. Cùng với nhịp hoạt động của gầu máy xúc, hàng đoàn ô tô tải cứ liên tục ra vào để chở đất, đá.. Những người trên công trường dự án gọi đó là phá núi mở đường.. Tuyến cao tốc hình thành giữa vùng đồi núi trập trùng - Ảnh: HỒNG QUANG. Hiện tuyến cao tốc Tuyên Quang - Phú Thọ đã hoàn thành, kết nối với cao tốc Nội Bài - Lào Cai.. Đoạn Tuyên Quang - Hà Giang đang thi công sẽ hoàn chỉnh tuyến cao tốc từ Hà Nội đến tỉnh địa đầu cực Bắc dài hơn 200km. Khi ấy thời gian di chuyển từ Hà Nội đến Hà Giang được rút ngắn từ khoảng 6 giờ xuống còn khoảng 3,5 giờ.. Nói với Tuổi Trẻ Online, lãnh đạo Ban Quản lý dự án đầu tư xây dựng các công trình giao thông tỉnh Tuyên Quang cho biết tiến độ dự án cao tốc được các đơn vị cập nhật theo từng ngày. Từ đó sẽ kiểm điểm những gì đã làm được và khắc phục những chậm trễ, vướng mắc.. Tính tới hết ngày 23-11, đoạn cao tốc qua tỉnh Tuyên Quang đã triển khai đồng loạt 108 mũi thi công, 680 máy móc các loại, gần 1.300 công nhân và kỹ sư hoạt động liên tục.. Sản lượng thi công toàn dự án đạt khoảng 22,5%. Tuyến đường được dự kiến hoàn thành toàn bộ vào cuối năm 2025.. Cao tốc Tuyên Quang - Hà Giang đoạn qua tỉnh Tuyên Quang quy mô có 7 nút giao liên thông và 3 nút giao bằng. Trong hình là nút giao Yên Sơn và nút giao quốc lộ 37 đã hình thành rõ nét - Ảnh: HỒNG QUANG. Hàng nghìn công nhân, kỹ sư và các đầu máy thiết bị được huy động thi công suốt đêm - Ảnh: HỒNG QUANG. Những ngày cuối tháng 11, tỉnh Tuyên Quang cho biết đã bàn giao cho nhà thầu gần 82% khối lượng mặt bằng cần giải phóng. Khối lượng còn lại tuy không quá nhiều nhưng lại là phần có nhiều vướng mắc bởi chủ yếu là đất ở.. Từ trên cao dễ dàng bắt gặp nhiều khu dân cư án ngữ, chặn ngang công trường thi công. Trong khi đó, chỉ khoảng 1 năm nữa dự án này phải hoàn thành theo yêu cầu.. Nhiều nhà dân vẫn nằm giữa, chắn ngang đoạn cao tốc đang thi công - Ảnh: HỒNG QUANG. Trong khi đó, khi được hỏi về những mong đợi về công trình này, nhiều tài xế thường lái xe qua quốc lộ 2 cảm thấy còn nhiều băn khoăn, có phần hụt hẫng khi biết ở giai đoạn hiện tại, cao tốc Tuyên Quang - Hà Giang chỉ được thi công với quy mô 2 làn xe và không có dải phân cách cứng ở giữa.. ""Những bất cập về cao tốc 2 làn xe đã được thấy rõ qua tuyến Nội Bài - Lào Cai (đoạn Yên Bái, Lào Cai). Quy mô như vậy thiếu an toàn và không phát huy được thế mạnh của đường cao tốc"", anh Hà Phương (ở Hà Giang) nói với Tuổi Trẻ Online.. Thi công qua khu vực địa chất phức tạp, hàng triệu khối đất đá phải được di dời. Nhiều đoạn chênh lệch độ cao giữa đường công vụ và nơi đào đắp của máy xúc tới hàng trăm mét - Ảnh: HỒNG QUANG. Hồi tháng 10, Văn phòng Chính phủ đã có thông báo chỉ đạo của Phó thủ tướng Trần Hồng Hà về đề xuất điều chỉnh chủ trương đầu tư cao tốc Tuyên Quang - Hà Giang đoạn qua tỉnh Tuyên Quang. Ông Hà cho rằng việc điều chỉnh đầu tư cao tốc này lên 4 làn xe là cần thiết, phù hợp với quy chuẩn kỹ thuật quốc gia về đường bộ cao tốc và chỉ đạo của Thủ tướng.. Còn tại tỉnh Hà Giang, ngày 31-10, Hội đồng nhân dân tỉnh đã thông qua nghị quyết điều chỉnh cao tốc Tuyên Quang - Hà Giang đoạn qua địa phương này từ 2 làn xe lên 4 làn xe nhằm bảo đảm phù hợp với quy hoạch mạng lưới đường bộ đã được Thủ tướng phê duyệt.. Tuy nhiên, mong mỏi của nhiều người dân, lái xe là những quyết định trên sớm được hiện thực hóa trên công trường bởi theo kế hoạch tuyến cao tốc này sẽ thông xe vào cuối năm 2025.. Việc chậm trễ có nguy cơ dẫn tới tình trạng con đường vừa thông xe đã phải rào chắn để thi công mở rộng, nhiều hạng mục vừa làm xong cũng sẽ phải tháo dỡ, điều chỉnh, gây nguy cơ thất thoát lãng phí.. Cầu Hàm Yên - cây cầu lớn nhất dự án chạy qua lòng hồ thủy điện của sông Lô đã lộ diện những trụ cầu đầu tiên. Nhà thầu cho hay công trình này có 6 trụ và 7 nhịp cầu, hiện đã đạt khoảng 25% sản lượng - Ảnh: HỒNG QUANG. Các hạng mục mái ta luy đương, hầm chui dân sinh, cống thoát nước... được thi công đồng bộ ở quy mô hoàn chỉnh trong giai đoạn đầu - Ảnh: HỒNG QUANG. Sau gần 3 năm thi công, dự án cao tốc Phú Thọ - Tuyên Quang đã cơ bản hoàn thành các hạng mục chính. Công trường dự án đang gấp rút thi công để kịp cho lễ thông xe vào ngày 24-12 tới."
Sân bay Long Thành phải chờ đường: Bạn đọc nêu rất nhiều giải pháp tháo gỡ,"
Bạn đọc làm báo
",24/11/2024 16:30 GMT+7,https://cdn.tuoitre.vn/thumb_w/730/471584752817336320/2024/11/24/base64-17324373646461196801618.jpeg,"Bạn đọc kiến nghị cần mở rộng cao tốc TP.HCM - Long Thành ngay để giải quyết bài toán kết nối TP.HCM khi sân bay Long Thành đi vào hoạt động - Ảnh: A LỘC. Như Tuổi Trẻ đưa tin, cuối năm 2026 sân bay Long Thành hoàn thành và đưa vào khai thác. Tuy nhiên các tuyến cao tốc kết nối với sân bay lại ì ạch vì vướng giải phóng mặt bằng và thiếu vốn.. Rất nhiều độc giả lo lắng trễ chuyến bay vì kẹt xe cũng như nguy cơ lãng phí. Bạn đọc Minh Triết viết: ""Từ TP.HCM ra Long Thành giờ còn kẹt cứng, tới khi sân bay xong không biết xoay bằng cách nào?"".. Tương tự, tài khoản Nguyễn Đình Hoan bày tỏ: ""Nguy cơ sân bay chờ đường cũng như bao nhiêu cái cầu đang chờ đường.. Nếu sân bay Long Thành hoàn thành sớm mà không có một con đường độc đạo riêng cho sân bay thì khả năng kẹt xe và trễ chuyến bay sẽ không tránh khỏi"".. Tài khoản Linh lo lắng: ""Nguy cơ đứng bánh trên cao tốc sẽ dẫn đến nguy cơ trễ chuyến bay. Người dân đi máy bay cứ thấp thỏm trên con đường rùa bò từ TP.HCM ra sân bay Long Thành"".. Trong khi đó, bạn đọc Nguyễn Tiến Nhất nhận định xây dựng hoàn thành không kịp thời, không đồng bộ sẽ gây lãng phí rất lớn cho xã hội, cho nhân dân và ngân sách nhà nước.. ""Ấy vậy mà chỉ vì một nguyên nhân muôn thuở là do vướng đền bù giải tỏa… Cần cân nhắc giữa cái được và cái mất xem cái nào lớn hơn để tính toán cho phù hợp"".. Còn tài khoản Tuấn Lò Gốm cho rằng việc mở rộng cao tốc đang rất cấp bách nên cần đồng bộ và thông suốt. ""Ngay hiện tại sân bay chưa xong thì tình trạng kẹt xe trên cao tốc cũng đã trầm trọng lắm rồi"", tài khoản này viết.. Tài khoản Hen bộc bạch, ""sân bay đầu tư hàng tỉ đô mà không triển khai đồng bộ các tuyến kết nối, nếu phải nằm chờ thì lãng phí nguồn lực"".. Thậm chí có bạn đọc còn khuyên nên tính toán phương án đi sớm nửa ngày đến một ngày nghỉ lại để không trễ chuyến bay.. ""Nghe vô lý nhưng không còn cách nào khác"", tài khoản Vĩnh Nam bày tỏ.. Bạn đọc đề xuất làm nhanh đường 25C để có thêm tuyến kết nối đường vành đai 3 TP.HCM. Trong ảnh: Nút giáo quốc lộ 51 với đường T1 và đường 25C (nối trực tiếp vào đường vành đai 3 TP.HCM) - Ảnh: A LỘC. Ngoài giải pháp mở rộng cao tốc TP.HCM - Long Thành - Dầu Giây, bạn đọc cũng đề xuất nhiều giải pháp kết nối sân bay Long Thành với TP.HCM.. Tài khoản Hoai Phong nhận định tuyến đường tỉnh 25C kết nối vào đường T1 sân bay là nút thắt quan trọng để vành đai 3 TP.HCM xong mới có lối vào sân bay. Tuy nhiên, tuyến đường này hiện ""vẫn chưa thấy dấu hiệu gì"".. Cùng nhận định, tài khoản Pham Tung kiến nghị cần kết nối đường tỉnh 25C (đường Nguyễn Ái Quốc) với Nhà Bè và quận 7 bằng cầu vượt sông Đồng Nai. Tuyến này sẽ giải quyết được 1/3 lưu lượng cho cao tốc TP.HCM - Long Thành - Dầu Giây.. ""25B, 25C siêu lý tưởng, đi một mạch từ sân bay theo T1 vào 25C nối lên vành đai 3 xong vào TP.HCM"", tài khoản Pham Tung viết.. Bên cạnh đó, bạn đọc đề xuất làm thêm đường sắt để kết nối sân bay Long Thành với TP.HCM. Tài khoản vand****@gmail.com cho rằng nên làm một tuyến đường sắt Long Thành - TP.HCM tốc độ 120km/h để đưa đón khách sân bay và giảm tải cho đường cao tốc.. Bởi theo tài khoản này, mở rộng cao tốc Long Thành sẽ làm các con đường dẫn vào cao tốc quá tải, lúc đó các con đường này sẽ bị kẹt xe nghiêm trọng.. Bạn đọc Đường đặt câu hỏi: ""Khi nào có tuyến metro từ TP.HCM tới Long Thành?"".. ""Kết nối metro 1 đến sân bay thế nào nhỉ? Mỗi người di chuyển đến đó mà đi xe hơi rồi chỗ nào giữ cho đủ. Nếu đi taxi thì có đáp ứng đủ không, mà chi phí cao nữa"", tài khoản bach****@gmail.com nêu.. Còn tài khoản thut****@gmail.com đề xuất cần khẩn trương xây tuyến đường sắt kết nối metro số 1 đến sân bay Long Thành. Qua đó giảm phụ thuộc vào đường bộ, đa dạng kết nối sẽ giúp sân bay hoạt động hiệu quả, giảm kẹt xe trên đường đến sân bay.. ""Dần dần các hãng hàng không nên đặt thêm quầy gửi hành lý, check-in tại trung tâm thành phố. Hành lý sẽ được các hãng vận chuyển ra sân bay cho khách. Nhiều nước làm kiểu này rất thuận tiện"", tài khoản trên viết.. Ngoài ra, bạn đọc cũng đề xuất cần triển khai ngay đường sắt đô thị Thủ Thiêm - Long Thành. Tương lai nối được với ga Bến Thành thì sẽ ""đẹp như mơ"".. Có vành đai 4 TP.HCM, xe cộ khi đến địa bàn tỉnh Bình Dương sẽ chạy một mạch xuống sân bay Long Thành nhanh hơn."
"Khu kinh tế Dung Quất có những tiềm năng, ưu đãi gì cho nhà đầu tư?","
Thời sự
",24/11/2024 16:17 GMT+7,https://cdn.tuoitre.vn/thumb_w/730/471584752817336320/2024/11/24/khu-kinh-te-dung-quat-quang-ngai-uu-dai-thue-doanh-nghiep-nha-dau-tu-cang-bien-2-1732421937539651857750.jpg,"Tập đoàn Hòa Phát đầu tư dự án khu liên hợp sản xuất thép tỉ đô ở Dung Quất và đang phát triển mạnh - Ảnh: TRẦN MAI. Khu kinh tế Dung Quất nằm giữa đất nước, với những lợi thế cực lớn đảm bảo nhà đầu tư đặt nhà máy, công ty ở đây có thể hoạt động lâu dài. Thực tế những ""đại bàng"" trong và ngoài nước như Doosan, Hòa Phát, Lọc hóa dầu… đã phát triển vượt bậc từ khi đến Dung Quất.. 30 năm từ khi cố Thủ tướng Võ Văn Kiệt chọn Dung Quất làm nơi đặt nhà máy lọc dầu số 1, khu kinh tế đã phát triển chóng mặt.. Khu kinh tế Dung Quất nằm giữa hai đầu đất nước, có hệ thống giao thông trục chính được đầu tư đồng bộ; đường quốc lộ, cao tốc Bắc - Nam, đường sắt Bắc - Nam đi qua; cách đường hàng hải quốc tế 90km, cách đường hàng hải nội địa 30km; là cửa ngõ ra Biển Đông của hành lang kinh tế Đông - Tây; nằm cạnh sân bay Chu Lai và Khu kinh tế mở Chu Lai, liên kết chặt chẽ với Khu kinh tế mở Chu Lai để phát huy tiềm năng, lợi thế.. Thứ hai, Dung Quất có thuận lợi mang tính khác biệt là cảng biển nước sâu, với hệ thống bến cảng chuyên dụng, cảng tổng hợp được đầu tư đồng bộ, hiện đại, có thể tiếp nhận tàu có trọng tải lên đến 200.000 DWT, đáp ứng nhu cầu vận chuyển hàng hóa xuất nhập khẩu ra quốc tế.. Thứ ba, Dung Quất có các bãi biển đẹp, cùng với nhiều danh lam thắng cảnh, gắn kết thuận lợi với huyện đảo Lý Sơn, thuận lợi cho nhà đầu tư lớn phát triển đô thị - dịch vụ - du lịch.. Thứ tư, sau khi quy hoạch điều chỉnh tổng thể Quy hoạch chung xây dựng Khu kinh tế Dung Quất đến năm 2045 được Thủ tướng Chính phủ phê duyệt tại quyết định số 168 ngày 28-2-2023, hiện nay đã phê duyệt 4/11 đồ án quy hoạch phân khu.. Dự kiến đến quý 1 năm 2025 sẽ phê duyệt các đồ án quy hoạch phân khu còn lại. Một quỹ đất cực lớn để phát triển công nghiệp - đô thị - dịch vụ được mở ra cho nhà đầu tư nhiều lĩnh vực khác nhau.. Tính đến nay, Dung Quất đã thu hút 350 dự án đầu tư còn hiệu lực, với tổng vốn đăng ký đầu tư khoảng 396.800 tỉ đồng, trong đó có 66 dự án FDI.. Vốn thực hiện đến nay khoảng hơn 12 tỉ USD. Với 212 doanh nghiệp đang sản xuất kinh doanh ổn định, giải quyết việc làm cho 74.000 lao động. Đây là lực lượng sản xuất tại chỗ, là nền tảng quan trọng để nhà đầu tư an tâm về lực lượng sản xuất khi đầu tư vào Dung Quất.. Cảng nước sâu Dung Quất với nhiều bến cảng là điều kiện thuận lợi để nhà đầu tư đặt nhà máy tại Dung Quất - Ảnh: TRẦN MAI. Cảng Dung Quất rộng lớn có thể tiếp nhận tàu có trọng tải lên đến 200.000 DWT - Ảnh: TRẦN MAI. Thuế thu nhập doanh nghiệp ở Dung Quất được ưu đãi 10% trong thời hạn 15 năm. Miễn thuế 4 năm, giảm 50% số thuế phải nộp trong 9 năm tiếp theo; miễn thuế đối với hàng hóa nhập khẩu để tạo tài sản cố định của dự án.. Miễn thuế nhập khẩu trong thời hạn 5 năm, kể từ ngày bắt đầu sản xuất đối với nguyên liệu, vật tư, bán thành phẩm trong nước chưa sản xuất, được nhập khẩu để phục vụ sản xuất của dự án.. Dung Quất được xem là thủ phủ của công nghiệp miền Trung. Vì thế mô hình tăng trưởng vẫn lấy phát triển công nghiệp làm nền tảng trụ cột chính. Cùng với đó là định hướng phát triển mạnh du lịch, dịch vụ dựa vào những thắng cảnh tuyệt đẹp trong khu vực để làm động lực tăng trưởng. Dung Quất cũng mời gọi nhà đầu tư phát triển đô thị để gắn kết các trụ cột kinh tế cộng sinh hữu cơ.. Chiến lược trọng tâm của Khu kinh tế Dung Quất là đẩy mạnh phát triển kết cấu hạ tầng giao thông. Trong đó, xây dựng các trục kết nối trực tiếp với cảng biển, sân bay, ven biển; hình thành trung tâm du lịch trọng điểm; liên kết giao thông đường bộ nội khu với giao thông quốc gia (cao tốc Bắc - Nam, quốc lộ 1).. Hình thành các đô thị dịch vụ, đô thị du lịch theo mô hình đô thị thông minh, đô thị sinh thái. Gắn phát triển đô thị với phát triển nhà ở cho người lao động, tái định cư và an sinh xã hội cho nhân dân trong vùng dự án.. Ưu tiên sử dụng công nghệ mới thân thiện môi trường; phát triển năng lượng tái tạo (gió, điện mặt trời, nhiệt năng...). Bảo tồn và phục hồi hệ sinh thái trong khu vực.. Lực lượng lao động sản xuất ở Dung Quất đủ cho nhu cầu của các doanh nghiệp - Ảnh: TRẦN MAI. Theo ông Nguyễn Hải Trường - phó trưởng Ban quản lý Khu kinh tế Dung Quất và các khu công nghiệp Quảng Ngãi, từ định hướng chung của quốc gia, vùng và tỉnh Quảng Ngãi, với tiềm năng và thế mạnh hiện nay sẽ tập trung xây dựng Dung Quất thành khu kinh tế chuyên biệt, xanh, thông minh và phát triển bền vững.. Ông Trường cho biết để phát triển xứng với tiềm năng, lợi thế sẵn có, thời gian tới Ban quản lý Khu kinh tế Dung Quất tập trung thực hiện những giải pháp trọng tâm, thực hiện nghiêm, hiệu quả các quy hoạch được duyệt, như quy hoạch tỉnh; quy hoạch xây dựng khu kinh tế; quy hoạch phân khu; quy hoạch cấp quốc gia, cấp vùng.... Tập trung huy động và sử dụng hiệu quả các nguồn lực để đầu tư, phát triển hệ thống hạ tầng dùng chung mang tính kết nối vùng và liên vùng. Phối hợp, gắn kết với các địa phương trong vùng xúc tiến đầu tư. Hình thành các cụm liên kết ngành ở phạm vi liên kết tỉnh, liên kết vùng. Đẩy mạnh ứng dụng công nghệ thông tin, chuyển đổi số.. ""Hướng đi của Dung Quất vẫn là đầu tư, phát triển thành khu kinh tế ven biển chuyên biệt, xanh, thông minh và phát triển bền vững, trở thành một trong những trung tâm công nghiệp ven biển trọng điểm của khu vực; hình thành tuyến container tại cảng Dung Quất; quỹ đất sạch để thu hút các nhà đầu tư chiến lược"", ông Trường nói.. Dung Quất sẵn sàng mở cửa chào đón nguồn lực và thu hút doanh nghiệp đầu tư, kinh doanh hạ tầng kỹ thuật khu kinh tế, khu công nghiệp, cụm công nghiệp. Huy động các nguồn lực phát triển hệ thống giao thông theo quy hoạch, ưu tiên các công trình trọng điểm, có sức lan tỏa.. Ông Trường cho biết: ""Ban quản lý sẵn sàng lắng nghe và hỗ trợ nhà đầu tư tất cả các thủ tục dự án. Đổi mới công tác xúc tiến hỗ trợ đầu tư, từng bước chuyển đổi mô hình Khu kinh tế Dung Quất, phát triển theo hướng thông minh, sinh thái và hiệu quả cao"".. Dung Quất là khu kinh tế có mặt tiền biển, một điều kiện thuận lợi cho sản xuất. Ở đây còn có chính sách thuế ưu đãi cho nhà đầu tư - Ảnh: TRẦN MAI. Ông Trần Văn Mẫn - giám đốc Sở Xây dựng Quảng Ngãi - được điều động, bổ nhiệm làm trưởng Ban quản lý Khu kinh tế Dung Quất và các khu công nghiệp tỉnh Quảng Ngãi.. "
Huấn luyện các chủ vuông tôm miền Tây thành người nuôi tôm chuyên nghiệp,"
Kinh doanh
",24/11/2024 16:14 GMT+7,https://cdn.tuoitre.vn/thumb_w/730/471584752817336320/2024/11/24/nuoi-tom-mien-tay-17324405838241925894250.jpg,"Nông dân nuôi tôm miền Tây được trang bị kiến thức chuyên sâu - Ảnh: NGỌC THƠ. Từ ngày 22 đến 24-11 tại Sóc Trăng, Trường đại học Cần Thơ phối hợp Sở Nông nghiệp và Phát triển nông thôn tỉnh Sóc Trăng tổ chức tập huấn kiến thức cho trên 50 học viên đại diện hợp tác xã và nông hộ nuôi tôm đến từ các tỉnh miền Tây để trở thành người nuôi tôm chuyên nghiệp.. PGS.TS Trần Ngọc Hải - phó hiệu trưởng Trường đại học Cần Thơ - cho biết trong 3 ngày tập huấn, các giảng viên trường chuyển tải các nội dung chính, bao gồm những vấn đề về nguyên lý nuôi tôm công nghệ cao, các vấn đề môi trường, dinh dưỡng và sức khỏe tôm; nghiên cứu các vấn đề về năng lượng xanh, chuyển đổi số, kinh tế tuần hoàn, du lịch sinh thái nông nghiệp và thủy sản; nguyên lý thích ứng với biến đổi khí hậu ở Đồng bằng sông Cửu Long.. Theo bà Quách Thị Thanh Bình - phó giám đốc Sở Nông nghiệp và Phát triển nông thôn tỉnh Sóc Trăng, việc tập huấn kỹ thuật nuôi tôm được đơn vị thực hiện thường xuyên và liên tục, nhưng đây là lần đầu nông dân nuôi tôm ở miền Tây được trang bị kiến thức chuyên sâu để trở thành người nuôi tôm chuyên nghiệp.. Bà Bình cho biết diện tích nuôi tôm của Sóc Trăng không lớn, chỉ khoảng 50.000ha, nhưng nhờ đầu tư nuôi thâm canh, ứng dụng công nghệ cao nên đạt sản lượng khá cao, trên 200.000 tấn/năm.. ""Năng suất đạt, nguồn tôm nguyên liệu ổn định góp phần giúp các nhà máy chế biến chủ động hơn. Dự kiến kim ngạch xuất khẩu tôm năm nay của Sóc Trăng tiếp tục đạt trên 1 tỉ USD, chiếm khoảng 25% kim ngạch của cả nước"", bà Bình thông tin.. Theo bà Bình, việc chuyên nghiệp hóa cho người nuôi tôm ở Sóc Trăng nói riêng và các tỉnh trong khu vực nói chung sẽ giúp bà con có thêm kinh nghiệm sát với thực tiễn, phù hợp trong bối cảnh mới.. ""Khi được chuyên nghiệp hóa sẽ giúp người dân nâng cao năng lực, góp phần xử lý hiệu quả những vấn đề phát sinh trong quá trình phát triển nghề nuôi tôm. Khi đó kim ngạch xuất khẩu tôm có thể đạt tới con số cao hơn, chứ không phải dừng lại ở 4 tỉ USD như hiện nay"", bà Bình cho biết.. Do đang là mùa nghịch, sản lượng tôm không nhiều. Các nhà máy xuất khẩu ở miền Tây đã tranh mua, đẩy giá tôm tăng mạnh."
"Hơn 1.600m² đất bị cấp ‘lạc’ vào sổ đỏ nhà khác, khổ chủ bạc mặt đi đòi","
Nhà đất
",24/11/2024 16:08 GMT+7,https://cdn.tuoitre.vn/thumb_w/730/471584752817336320/2024/11/24/base64-17324259570781066696753.jpeg,"Khu đất liên quan đến sự việc - Ảnh: Đ.C.. Anh Võ Văn Nhân (con bà Nguyễn Thị Tiến, trú xã Hòa Phú, huyện Hòa Vang, Đà Nẵng) cho biết năm 1989, mẹ anh nhận chuyển nhượng từ bà Nguyễn Thị Em phần đất có diện tích 1.644m2.. Đất được bà Tiến quản lý, sử dụng, không tranh chấp với ai. Do đặc thù công việc nên bà Tiến có nhờ mẹ lui tới để trông coi. Năm 2018, bà Tiến làm thủ tục xin cấp sổ đỏ nhưng chưa được giải quyết.. Cũng lúc này, bà Tiến phát hiện thửa đất đã được UBND huyện Hòa Vang cấp nhầm cho ông Trương Thành (trú cùng xã). ""Thấy có đơn vị thi công đường trên đất nhà mình nên tìm hiểu mới tá hỏa biết sự việc"" - anh Nhân cho hay.. Trước sự việc trên, bà Tiến đã có nhiều đơn thư yêu cầu giải quyết việc cấp nhầm này và đề nghị cấp lại cho bà theo đúng diện tích, mục đích sử dụng.. Về phía ông Trương Thành, từ năm 2018 đã thừa nhận khu đất 1.644m2 tại thửa số 147 không phải là của mình.. Theo anh Nhân, trong khi những kiến nghị của gia đình chưa được giải quyết thì UBND huyện ra quyết định thu hồi với diện tích 922,2m2 tại thửa đất 147 trên để thực hiện dự án tuyến đường vành đai phía tây; lập hồ sơ đền bù cho ông Thành.... Một phần diện tích đất được thu hồi để thực hiện dự án đường vành đai phía tây - Ảnh: Đ.C.. Bà Tiến đã khởi kiện yêu cầu tòa hủy quyết định 1743 của UBND huyện Hòa Vang về việc thu hồi đất do hộ gia đình, cá nhân đang sử dụng trong khu vực đất giải tỏa để thực hiện dự án tuyến đường vành đai phía tây (thửa đất 147, diện tích 1.644m2) và các văn bản kèm theo: sơ đồ vị trí thu hồi đất, bảng tính giá trị đền bù với ông Thành.. Đồng thời ra quyết định thu hồi đất đối với bà Tiến vì bà là người đang sử dụng.. Hủy công văn 2382 của chủ tịch huyện Hòa Vang về việc trả lời đơn của bà Tiến; ban hành lại các quyết định hỗ trợ, bồi thường, tái định cư cho bà Tiến theo giá trị đất ở đối với thửa đất bị thu hồi.. Hủy một phần sổ đỏ mà UBND huyện cấp cho ông Thành đối với thửa đất số 147, diện tích 1.644m2.. Hủy một phần quyết định 3259 của chủ tịch thành phố phê duyệt bồi thường và hỗ trợ đối với các hộ giải tỏa dự án đường vàng đai phía tây (phần hộ ông Trương Thành); hủy một phần quyết định phê duyệt mức hỗ trợ và tái định cư đối với ông Trương Thành.. Năm 2023, TAND TP Đà Nẵng có bản án hành chính về khiếu kiện yêu cầu hủy bỏ quyết định hành chính giữa các đương sự: Người khởi kiện là bà Nguyễn Thị Tiến và người bị kiện là UBND TP Đà Nẵng, UBND và chủ tịch UBND huyện Hòa Vang.. Tòa xác định việc huyện Hòa Vang cấp sổ đỏ cho ông Trương Thành, trong đó có thửa đất số 147, diện tích 1.644m2, loại đất màu là không đúng đối tượng sử dụng đất.. Đất nói trên vẫn do bà Tiến trồng trọt, canh tác và sử dụng cho đến nay nên có cơ sở chấp nhận yêu cầu khởi kiện của bà Tiến.. Từ việc cấp sổ đỏ trong đó có thửa đất 147 không đúng đối tượng nên việc huyện ban hành quyết định thu hồi thửa đất có 922,2m2 thuộc thửa 51, tờ bản đồ hiện trạng 35B (thửa đất số 147, diện tích 1.644m2) của ông Thành là sai chủ thể, không đúng quy định.. Việc phê duyệt giải quyết bồi thường, hỗ trợ, bố trí tái định cư trên cơ sở đất bị thu hồi không đúng đối tượng đang quản lý, sử dụng đất đã làm ảnh hưởng đến quyền và lợi ích hợp pháp của đương sự…. Tòa chấp nhận yêu cầu khởi kiện của bà Tiến. Tuyên hủy quyết định 1743, hủy một phần quyết định 3259, hủy một phần quyết định 3907 của chủ tịch UBND TP, hủy công văn 2382.. Hủy một phần sổ đỏ cấp cho ông Trương Thành đối với thửa đất số 147, diện tích 1.644m2…. Anh Nhân cho biết sau khi bản án có hiệu lực thì gia đình vẫn chưa được giải quyết các quyền lợi chính đáng.. ""Vừa qua, tôi cùng mẹ và ông Trương Thành đến cơ quan liên quan ở huyện để thực hiện việc hủy bỏ đối với phần đất đã cấp nhầm trong sổ đỏ của ông Thành nhưng vẫn không được giải quyết. Đến nay gia đình cũng chưa được nhận tiền bồi thường thu hồi đất. Sự việc đã kéo dài khiến chúng tôi rất mệt mỏi"" - anh Nhân nói.. Gia đình anh Nhân lại phải tiếp tục làm đơn kiến nghị.. Cơ quan thi hành án dân sự đang đau đầu khi thụ lý thi hành các tàu cá nhưng có tàu đã đắm, tàu thì chìm một phần."
"Trẻ em Việt thừa cân, béo phì cao hàng đầu khu vực Đông Nam Á","
Sức khỏe
",24/11/2024 16:01 GMT+7,https://cdn.tuoitre.vn/thumb_w/730/471584752817336320/2024/11/24/pgs-mai-1732428923589844133751.jpg,"PGS.TS Trương Tuyết Mai - Ảnh: GIA HÂN. Ngày 24-11, Ủy ban Văn hóa, Giáo dục phối hợp với Quỹ Nhi đồng Liên Hiệp Quốc (UNICEF) tổ chức hội thảo góp ý Luật Thuế tiêu thụ đặc biệt về áp dụng thuế tiêu thụ đặc biệt đối với đồ uống có đường, phòng chống thừa cân, béo phì ở trẻ em.. Theo dự thảo luật, Chính phủ đề xuất áp thuế tiêu thụ đặc biệt với nước giải khát có hàm lượng đường trên 5g/100ml (nước ngọt). Mức thuế dự kiến 10%.. Phó chủ nhiệm Ủy ban Văn hóa, Giáo dục Tạ Văn Hạ nêu rõ hội thảo nhằm cung cấp thông tin cập nhật cho các đại biểu Quốc hội về ảnh hưởng của đồ uống có đường đối với tình trạng thừa cân, béo phì ở trẻ em.. Cung cấp thêm cơ sở tham khảo cho các đại biểu trong quá trình xem xét, cho ý kiến dự Luật Thuế tiêu thụ đặc biệt về việc áp dụng chính sách thuế tiêu thụ đặc biệt đối với đồ uống có đường.. Nêu ý kiến, PGS.TS Trương Tuyết Mai - phó viện trưởng Viện Dinh dưỡng quốc gia - cho hay việc tiêu thụ thường xuyên đồ uống có đường có thể làm tăng nguy cơ dẫn đến thừa chân, béo phì, bệnh lý đường tiêu hóa, ung thư, bệnh lý thận, tiết niệu, huyếp áp.... Bà Mai chỉ rõ qua các nghiên cứu cho thấy nếu người lớn uống 1 lon nước ngọt 1 ngày trong vòng 1 năm sẽ tăng 6,75kg cân nặng.. Còn với trẻ em thường xuyên uống đồ uống có đường chỉ khối cơ thể tăng 0,24 so với trẻ không uống. Trẻ em 2 - 5 tuổi nếu thường xuyên uống nước ngọt nguy cơ béo phì tăng 43%.. Tiêu thụ đồ uống có đường trong thời thơ ấu có liên quan đến nguy cơ béo phì và thừa cân/béo phì cao hơn ở 5 tuổi. Uống thêm mỗi 100ml đồ uống có đường mỗi ngày có liên quan đến chỉ số BMI cao hơn và tăng nguy cơ thừa cân/béo phì lên 1,2 lần ở tuổi lên 6.. Nhấn mạnh béo phì ở trẻ em là vấn đề toàn cầu cần hành động khẩn cấp, bà Mai khuyến nghị cần hạn chế tiêu thụ đồ uống có đường ở trẻ em.. Cụ thể, theo khuyến cáo của UNICEF, với trẻ em dưới 2 tuổi không nên tiêu thụ bất kỳ loại thực phẩm hoặc đồ uống nào có thêm đường.. Với trẻ em 2 - 18 tuổi cần hạn chế lượng đường tiêu thụ xuống dưới 25g/ngày (<=5% tổng năng lượng nạp vào). Cùng với đó, đồ uống có đường giới hạn không quá 235ml mỗi tuần.. Chuyên gia Đỗ Hồng Phương - Ảnh: GIA HÂN. Số liệu tại hội thảo cho thấy tổng tiêu thụ nước ngọt ở Việt Nam tăng nhanh từ 1,59 tỉ lít năm 2009 lên 6,67 tỉ lít năm 2023.. Chuyên gia dinh dưỡng Đỗ Hồng Phương chỉ rõ hiện tình trạng thừa cân, béo phì ở trẻ em đã gia tăng ở Việt Nam. Trong đó nhóm trẻ 5-19 tuổi, tỉ lệ thừa cân, béo phì đã tăng từ 8,5% (2010) lên 19% (2020), riêng khu vực thành thị 26,8%.. Cao hơn tỉ lệ trung bình của khu vực Đông Nam Á (17,3%). Cao hơn tỉ lệ tại các quốc gia có mức thu nhập thấp và trung bình của khu vực (13,4% tại Campuchia; 16,6% tại Lào; 14,1% tại Myanmar; 14,5% tại Philippines; 18,0% tại Indonesia).. Bà Phương cho rằng nếu không có các can thiệp hiệu quả, kịp thời, ước tính đến năm 2030 gần 2 triệu trẻ em trong độ tuổi 5 - 19 tuổi bị thừa cân, béo phì.. Quang cảnh buổi hội thảo - Ảnh: GIA HÂN. Bà Đỗ Hồng Phương nhấn mạnh cần các biện pháp đồng bộ ngăn chặn thừa cân béo phì, trong đó có đánh thuế đồ uống có đường. Bà nói WHO khuyến nghị áp dụng biện pháp đánh thuế và giá nhằm giảm tiêu thụ đường.. Bà dẫn lại nghiên cứu của Đại học Y tế cộng đồng Hà Nội năm 2022 cho thấy đánh thuế đồ uống có đường ở Việt Nam sẽ mang lại lợi ích.. Cụ thể, khuyến khích giảm tiêu thụ đồ uống có đường, giảm thừa cân, béo phì, giảm nguy cơ mắc các bệnh liên quan chế độ ăn, có thể tiết kiệm hơn 600 tỉ đồng chi phí y tế trực tiếp điều trị bệnh tiểu đường type 2. Đồng thời cần truyền thông thay đổi hành vi thực hành ăn uống.... TS Nguyễn Huy Quang, nguyên vụ trưởng Vụ Pháp chế (Bộ Y tế), cho rằng lần đầu tiên đồ uống có đường được đưa vào Luật Thuế tiêu thụ đặc biệt là tiến bộ.. Ông nói không phải bây giờ mới đề xuất đánh thuế tiêu thụ đặc biệt với đồ uống có đường mà từ năm 2012 việc này đã được đặt ra nhưng chưa thực hiện được do các bằng chứng, chứng minh hạn chế. Hiện nay các căn cứ đã rõ ràng, đủ điều kiện thực hiện.... Nhiều đại biểu Quốc hội bày tỏ đồng tình đánh thuế tiêu thụ đặc biệt với đồ uống có đường. Song một số ý kiến đề nghị làm rõ có phải đường là nguyên nhân chính dẫn đến béo phì không.. Đồng thời đặt vấn đề tại sao lựa chọn tỉ lệ 5g/100ml mà không phải tỉ lệ khác hay các loại sản phẩm đồ uống sử dụng đường tự nhiên từ hoa quả có bị áp thuế này không?. Bên cạnh đó, hiện các nhà sản xuất chuyển sang đồ uống không đường nên đề nghị cần có nghiên cứu thêm về các sản phẩm này.. Các doanh nghiệp sản xuất đồ uống có đường kịch liệt phản đối việc sẽ đánh thuế tiêu thụ đặc biệt với đồ uống có đường. Trái lại, các chuyên gia dinh dưỡng thì nói rất cần vì nước ngọt không có gì ngoài đường."
"Sang nhượng suất đạp xích lô, chèo ghe ở Hội An giá 500-700 triệu đồng","
Thời sự
",24/11/2024 15:55 GMT+7,https://cdn.tuoitre.vn/thumb_w/730/471584752817336320/2024/11/24/hoi-an-1732440067250588771923.jpg,"Dịch vụ chở khách tham quan phố cổ bằng xích lô - Ảnh: B.D.. ""Ghe bơi hay xích lô ở Hội An phần lớn chủ sở hữu là bà con nghèo, được chính quyền tạo điều kiện cho vào làm ăn.. Khi cuộc sống gặp khó khăn, đau ốm hoặc ai đó già đi mà không có người kế nghiệp thì họ sang nhượng cho nhau, giá bình quân từ 500-700 triệu đồng.. Trên mạng người ta phao tin lót tay là nói bậy, hoàn toàn không có thật"" - ông Phan Phước Tùng khẳng định.. Nói về đội ngũ đạp xích lô ở Hội An, ông Tùng cho biết hiện toàn thành phố có 102 chiếc. Tất cả đều được quản lý, có tên tuổi, gia đình và người sở hữu.. Từ năm 1998, khi Hội An bắt đầu làm du lịch thì ngồi xích lô tham quan phố cổ được khách yêu thích. Tới năm 1999, khi UNESCO đưa Hội An vào danh sách Di sản văn hóa thế giới thì lượng xích lô tăng lên đáng kể.. Nghiệp đoàn xích lô được TP Hội An cho thành lập từ những năm 2000 nhằm quản lý, đưa vào quy củ đội ngũ những người kiếm sống từ đạp xích lô du lịch.. Ông Nguyễn Văn Sơn - chủ tịch UBND TP Hội An, khẳng định Hội An chỉ ưu tiên, tạo điều kiện cho bà con nghèo vào kiếm sống, hoàn toàn không thu bất cứ chi phí nào.. Ghe bơi chở khách ngắm phố cổ từ sông Hoài - Ảnh: B.D.. ""Ở Hội An mọi người dân được phân chia lợi ích từ du lịch. Ai có nhà mặt tiền thì buôn bán kinh doanh.. Dân có nhà trong hẻm không kinh doanh được thì cho suất bơi ghe hoặc quầy bán ở chợ đêm, ai khó khăn thì đạp xích lô. Mỗi người một chút để cùng nhau chia sẻ thu nhập.. Đó cũng là cách để thừa hưởng di sản, tạo sự đồng thuận đặc trưng mang tính cộng đồng ở Hội An. Nói mỗi suất ghe bơi, xích lô phải lót tay 1,6 - 1,8 tỉ đồng là quá bậy bạ, không thể có"" - ông Sơn tỏ ra bức xúc.. Ông Phan Phước Tùng khẳng định nắm rõ thu nhập, danh sách chuyển nhượng suất đạp xích lô. Vì số suất không được chính quyền cho tăng nên chỉ có bà con sang tay qua lại cho nhau với giá từ 500-700 triệu đồng, không có ai bán ra ngoài.. The ông Tùng, thu nhập bình quân mỗi ngày của người đạp xích lô từ 600.000 - 700.000 đồng, nếu dịp khách đông thì có thêm tiền ""tip"", mỗi ngày có khi được 1 triệu đồng.. Theo ông Lê Vương - phó giám đốc Hợp tác xã ghe bơi du lịch sông Hoài, hiện đội ghe bơi (chèo tay) trong phạm vi khu phố cổ có 293 chiếc. Do có người sở hữu 2-3 ghe nên tổng cộng có 281 chủ ghe.. Khẳng định không có việc ""lót tay"" mỗi suất hàng tỉ đồng như tin đồn, ông Vương nói bà con chèo ghe tất cả đều dân sông nước, hộ neo đơn, hộ nghèo… được chính quyền đưa vào để kiếm sống.. Thu nhập từ chở khách du lịch bình quân mỗi đêm 300.000 đồng, chạy luân phiên, đêm hôm trước chạy đêm hôm sau nghỉ. Do đó không thể có chuyện lót tay hàng tỉ đồng để được cấp suất.. ""Chính quyền cố định quản lý số lượng. Còn việc có được làm, có được chở khách hay không là do anh em 293 người trong hợp tác xã quyết định.. Một khi ai đó già yếu, muốn bán ghe hoặc nhượng lại cho con cái, anh em thì cũng phải họp"" - ông Vương nói.. Ông Vương cho biết hiện mỗi suất bơi ghe sang nhượng khoảng 600-800 triệu đồng, nhưng cũng chỉ bà con anh em sang qua lại để cùng nhau kiếm sống chứ ít ai bán ra ngoài.. Chính quyền, đơn vị có chức năng chỉ xác nhận thủ tục công chứng, chuyển chủ sở hữu chứ không quyết định việc cấp suất ghe mới.. Chủ tịch UBND TP Hội An Nguyễn Văn Sơn cho biết đã đề nghị công an điều tra và xử lý người đăng clip trên mạng xã hội nói rằng mỗi suất ghe bơi, xích lô ở Hội An muốn được hoạt động thì phải lót tay 1,6-1,8 tỉ đồng.. Clip này xuất hiện từ sáng 23-11 và gây xôn xao dư luận tại Hội An hai ngày qua. Tới trưa 24-11 phần lớn được gỡ bỏ trên nhiều tài khoản mạng xã hội. Hiện Công an TP Hội An đang điều tra làm rõ.. Một tài khoản Facebook vừa đăng tải clip người đàn ông tự cầm điện thoại selfie ở Hội An. Trong clip người này nói ""nghe được thông tin mỗi suất đạp xích lô, chèo ghe bơi có giá 1,6 - 1,8 tỉ đồng"".. "
Làm vành đai 4 TP.HCM: Sẽ huy động gần 47.000 tỉ đồng từ vốn tư nhân,"
Thời sự
",24/11/2024 15:51 GMT+7,https://cdn.tuoitre.vn/thumb_w/730/471584752817336320/2024/11/24/base64-17324296759221216348685.jpeg,"Về quy mô dự án vành đai 4 TP.HCM, giai đoạn 1, các địa phương TP.HCM, Bình Dương, Bà Rịa - Vũng Tàu, Long An sẽ giải phóng mặt bằng một lần theo quy hoạch 8 làn. Tuyến chính cao tốc sẽ đầu tư 4 làn, 2 làn khẩn cấp và đường gom, đường song hành hai bên - Phối cảnh: Sở GTVT TP.HCM. Trong tờ trình gửi Thủ tướng về báo cáo nghiên cứu tiền khả thi dự án vành đai 4 TP.HCM, UBND TP.HCM đã đề xuất 12 cơ chế đặc thù để triển khai dự án này. Đây là tuyến đường chiến lược khi hoàn thành sẽ tạo động lực, kỷ nguyên phát triển mới cho vùng Đông Nam Bộ và các vùng lân cận.. Cụ thể, với chính sách 1, các địa phương kiến nghị nâng tỉ lệ vốn nhà nước trong tổng mức đầu tư dự án tổng thể và trên tổng mức đầu tư các dự án thành phần của từng địa phương không vượt quá 70% (quy định hiện nay không quá 50%).. Lý do đề xuất cơ chế này bởi một số dự án thành phần có tổng mức đầu tư rất lớn do khối lượng giải phóng mặt bằng lớn và xây dựng nhiều công trình cầu, xử lý đất yếu trong khi lưu lượng giao thông giai đoạn đầu chưa cao. Việc tăng tỉ lệ vốn nhà nước nhằm tăng tính hấp dẫn các nhà đầu tư, các tổ chức tín dụng tham gia thực hiện dự án.. Với chính sách 2, vành đai 4 TP.HCM là tuyến đường liên vùng, thuộc quản lý và nhiệm vụ chi của ngân sách trung ương. Vì vậy, các địa phương đề xuất cơ chế giao UBND cấp tỉnh làm cơ quan có thẩm quyền, được sử dụng ngân sách địa phương và nguồn vốn hợp pháp khác để đầu tư dự án.. Cơ chế này sẽ giúp phát huy hiệu quả sử dụng vốn ngân sách nhà nước, khơi thông nguồn lực từ trung ương đến địa phương.. Chính sách 3 là giao UBND cấp tỉnh làm cơ quan có thẩm quyền đầu tư công trình nằm trên địa giới hành chính của địa phương giáp ranh, được sử dụng ngân sách địa phương hỗ trợ địa phương khác đầu tư công dự án qua hai địa phương.. Chính sách 4 là cho phép chỉ định thầu đối với các gói thầu tư vấn, phi tư vấn, tư vấn lập điều chỉnh quy hoạch phục vụ dự án (bao gồm khu tái định cư), các gói thầu thực hiện công tác bồi thường, hỗ trợ tái định cư, thi công hạ tầng khu tái định cư để giải phóng mặt bằng.. Cơ chế này sẽ góp phần đẩy nhanh công tác chuẩn bị đầu tư khoảng 4 tháng, góp phần đưa dự án sớm khởi công và về đích đúng hẹn.. Chính sách 5 là trong thời gian thực hiện dự án, nhà thầu thi công không phải thực hiện thủ tục cấp giấy phép khai thác mỏ khoáng sản làm vật liệu xây dựng thông thường nằm trong hồ sơ khảo sát vật liệu xây dựng phục vụ dự án.. Bên cạnh đó, dự án cũng được đề xuất thêm các cơ chế khác như trình tự, thủ tục lập, tổ chức thẩm định và thẩm quyền điều chỉnh chủ trương đầu tư dự án thành phần; cho các địa phương phê duyệt điều chỉnh cục bộ các quy hoạch... hay đơn giản hóa hơn nữa quy trình, thủ tục thực hiện hoạt động lựa chọn nhà thầu.. Tổng mức đầu tư vành đai 4 TP.HCM giai đoạn 1 khoảng 122.774,28 tỉ đồng, trong đó phân đoạn tại Long An triển khai có nguồn vốn rất lớn tới 72.674,6 tỉ đồng. Riêng đoạn đi qua tỉnh Bình Dương khoảng 47,95km triển khai đầu tư độc lập theo chủ trương đầu tư dự án đã được HĐND tỉnh thông qua - Lập bảng: ĐỨC PHÚ. Đánh giá về phương thức đầu tư, tờ trình nêu rõ trường hợp đầu tư công, chỉ tính riêng dự án đầu tư đường vành đai 4 TP.HCM qua địa bàn tỉnh Bà Rịa - Vũng Tàu, Đồng Nai, Long An và TP.HCM với quy mô phân kỳ cần bố trí khoảng 116.649,14 tỉ đồng vốn ngân sách nhà nước.. Trong khi đó, ngân sách trung ương hiện đang tập trung triển khai các dự án lớn khác. Còn ngân sách một số địa phương có dự án đi qua còn khó khăn, chưa thể cân đối để đầu tư theo hình thức đầu tư công.. Chính vì vậy, việc triển khai đầu tư dự án vành đai 4 TP.HCM theo phương thức đầu tư PPP là cần thiết để giảm áp lực cho nguồn vốn đầu tư công, đặc biệt trong bối cảnh nền kinh tế ảnh hưởng nặng nề bởi đại dịch COVID-19.. Về cơ cấu nguồn vốn, dự án sẽ thu hút được 46.983,92 tỉ đồng từ nhà đầu tư, đồng thời giảm kinh phí bảo trì, vận hành, khai thác khi tuyến đường hình thành.. Theo UBND TP.HCM, việc triển khai dự án theo phương thức PPP sẽ có cơ hội để lựa chọn các nhà đầu tư tiềm năng, có năng lực tài chính, kinh nghiệm về quản trị, quản lý đầu tư, kinh nghiệm tổ chức triển khai các dự án lớn đặc biệt là các dự án giao thông.. Đồng thời, dự án sẽ tạo điều kiện cho các doanh nghiệp xây dựng phát huy tinh thần tự lực, tự cường, năng động và sáng tạo, vươn lên từ sức mạnh nội sinh.. Qua đó, các doanh nghiệp sẽ tích lũy đủ năng lực về quy mô vốn, trình độ công nghệ và quản trị, để không ngừng phát triển, đóng góp vào việc xây dựng hệ thống kết cấu hạ tầng giao thông đồng bộ, hiện đại, góp phần thúc đẩy sự phát triển kinh tế - xã hội của đất nước.. Chủ tịch Quốc hội nói Đảng đoàn Quốc hội sẵn sàng ủng hộ đề án về vành đai 4, đường sắt đô thị và Trung tâm tài chính quốc tế Việt Nam tại TP.HCM."
Thống nhất hủy bỏ quyết định duyệt dự án BT nhà thi đấu Phan Đình Phùng,"
Nhà đất
",24/11/2024 15:50 GMT+7,https://cdn.tuoitre.vn/thumb_w/730/471584752817336320/2024/11/23/20240504083304-17323718418571371047935.jpg,"Phối cảnh dự án nhà thi đấu Phan Đình Phùng đã được phê duyệt năm 2016 - Ảnh: ÁI NHÂN. Mới đây, Chủ tịch UBND TP.HCM Phan Văn Mãi đã thống nhất với phương án của Sở Kế hoạch và Đầu tư (tổ trưởng Tổ công tác) về chấm dứt, bãi bỏ thực hiện dự án Trung tâm Thể dục thể thao Phan Đình Phùng (nhà thi đấu Phan Đình Phùng) theo phương thức đối tác công tư (hợp đồng BT) tại quyết định số 3861 năm 2016 của UBND thành phố, trước khi chấm dứt thỏa thuận đầu tư.. Theo đó, giao Sở Kế hoạch và Đầu tư khẩn trương tham mưu, đề xuất UBND TP ban hành quyết định thu hồi, hủy bỏ quyết định số 3861. Quyết định số 3861 được UBND TP.HCM ban hành ngày 28-7-2016 duyệt báo cáo nghiên cứu khả thi dự án nhà thi đấu Phan Đình Phùng theo hình thức BT.. Đồng thời, giao Sở Văn hóa và Thể thao chủ trì, phối hợp các thành viên tổ công tác khẩn trương trao đổi với liên danh nhà đầu tư về thỏa thuận chấm dứt đầu tư; tham mưu, đề xuất UBND thành phố việc chấm dứt thỏa thuận đầu tư theo quy định.. Chủ tịch UBND TP cũng giao Sở Kế hoạch và Đầu tư khẩn trương chủ trì, phối hợp các sở, ngành và đơn vị liên quan tổ chức thẩm định hồ sơ báo cáo nghiên cứu tiền khả thi dự án xây dựng Trung tâm Thể dục thể thao Phan Đình Phùng do Sở Văn hóa và Thể thao lập.. Tham mưu, đề xuất UBND TP trình HĐND quyết định chủ trương đầu tư dự án tại kỳ họp cuối năm 2024.. Giao các sở, ngành có liên quan chịu trách nhiệm phối hợp với Sở Kế hoạch và Đầu tư trong quá trình thẩm định, khẩn trương có ý kiến thuộc chuyên môn, lĩnh vực quản lý; đảm bảo hồ sơ báo cáo nghiên cứu tiền khả thi dự án đạt chất lượng cao, mang tính khả thi để triển khai nhanh, đồng bộ; đáp ứng mục tiêu, quy mô và hiệu quả của công trình, phục vụ thiết thực cho nhiệm vụ phát triển kinh tế, xã hội, văn hóa, thể thao và chăm lo sức khỏe cho người dân thành phố.. Trước đó cuối tháng 4-2024, UBND TP.HCM đã quyết định dừng thực hiện dự án nhà thi đấu Phan Đình Phùng theo hình thức BT để chuyển sang đầu tư dự án bằng vốn ngân sách.. Và mới đây, Sở Văn hóa và Thể thao TP.HCM cũng có báo cáo nghiên cứu tiền khả thi xây Trung tâm Thể dục thể thao Phan Đình Phùng (nhà thi đấu Phan Đình Phùng) với tổng mức đầu tư 850 tỉ đồng, trong 5 năm từ 2024-2029.. Dự án nhà thi đấu Phan Đình Phùng (cũ) đã được Thủ tướng chấp thuận chủ trương thí điểm đầu tư công theo hình thức BT từ năm 2008. Tháng 3-2010, Công ty TNHH An Tạo và Tổng công ty Đền bù giải tỏa được chỉ định đầu tư.. Năm 2011, do không đủ năng lực, công ty An Tạo rút khỏi dự án, UBND TP xin Thủ tướng chấp thuận chỉ định Tổng công ty Đền bù giải tỏa được đơn phương tiếp tục thực hiện dự án. Ngay sau đó, Phó thủ tướng Hoàng Trung Hải có chỉ đạo ""UBND TP quyết định và chịu trách nhiệm toàn diện về việc thay đổi nhà đầu tư..."". Trên cơ sở đó, UBND TP có công văn chấp thuận Tổng công ty Đền bù giải tỏa tiếp tục là nhà đầu tư.. Từ năm 2011-2016, UBND TP tổ chức thiết kế nhà thi đấu. Qua các lần thay đổi thiết kế mức đầu tư dự toán được điều chỉnh từ 988 tỉ đồng lên 1.352,7 tỉ đồng (năm 2013) và 1.954 tỉ đồng (năm 2016).. Tháng 1-2018, UBND TP ra quyết định chỉ định liên danh Tổng công ty cổ phần Đền bù giải tỏa - Công ty cổ phần phát triển bất động sản Phát Đạt là nhà đầu tư. Tháng 6-2018, UBND TP và nhà đầu tư đã ký tắt thỏa thuận đầu tư và dự thảo hợp đồng BT.. Tuy nhiên, khâu triển khai tiếp theo của dự án bị kéo dài do nhiều nguyên nhân. Đến cuối tháng 4-2024 thì UBND TP quyết định dừng dự án BT.. Một lý do để TP.HCM cân nhắc khi dừng dự án là việc lựa chọn nhà đầu tư chưa bảo đảm theo chỉ đạo của Thủ tướng và nếu tiếp tục thực hiện dự án sẽ có ""rủi ro"" về pháp lý.. Sở Văn hóa và Thể thao TP.HCM vừa có báo cáo nghiên cứu tiền khả thi xây Trung tâm Thể dục thể thao Phan Đình Phùng (nhà thi đấu Phan Đình Phùng) với tổng mức đầu tư là 1.850 tỉ đồng, trong 5 năm từ 2024-2029.. . "
"Ở đâu mà ta để quên kim cương, nhẫn vàng cũng không lo bị mất?","
Thế giới
",24/11/2024 15:47 GMT+7,https://cdn.tuoitre.vn/thumb_w/730/471584752817336320/2024/11/24/trung-tam-giu-do-nhat-ban-1-1732436172456473634652.jpg,"Nhân viên tại trung tâm tìm đồ thất lạc của cảnh sát Tokyo sắp xếp các đồ vật được tìm thấy và đem đến theo thứ tự thời gian, khu vực, chủng loại - Ảnh: AFP. Bạn có bị mất dù, chìa khóa hay thậm chí là lạc mất một bé mèo cưng? Nếu bạn ở thủ đô Tokyo của Nhật Bản, bạn có thể hoàn toàn yên tâm rằng chúng đang được cảnh sát chăm sóc chu đáo.. Ở thành phố đông đúc với 14 triệu dân này, những món đồ bị thất lạc không bao giờ bị bỏ quên lâu, kể cả là nhẫn vàng, kim cương.... Ông Hiroshi Fujii, một hướng dẫn viên du lịch 67 tuổi, chia sẻ: ""Du khách nước ngoài ở Nhật Bản thường rất ngạc nhiên khi đồ của họ được tìm thấy và trả lại. Nhưng ở đất nước chúng tôi, điều này là đương nhiên"".. Ông cho biết việc nhặt được của rơi và trả lại cho chủ sở hữu là văn hóa truyền thống của ""đất nước mặt trời mọc"". Ở Nhật Bản, ngay từ nhỏ, trẻ em đã được dạy rằng nếu nhặt được đồ, hãy báo ngay cho cảnh sát.. Ở trung tâm có đủ các loại đồ vật bị thất lạc, từ đồ chơi nhồi bông đến bong bóng... - Ảnh: AFP. Tại Tokyo, trung tâm tìm đồ thất lạc của cảnh sát hoạt động vô cùng hiệu quả với khoảng 80 nhân viên làm việc tại quận Iidabashi, trung tâm thành phố.. Giám đốc trung tâm, bà Harumi Shoji, cho biết mọi món đồ đều được sắp xếp cẩn thận, gắn thẻ và nhập vào hệ thống cơ sở dữ liệu để có thể trả lại nhanh chóng cho chủ nhân hợp pháp. Thẻ căn cước và giấy phép lái xe là những món đồ thường xuyên bị thất lạc.. Ngoài những vật dụng thông thường, những con vật như chó, mèo và thậm chí là sóc bay, kỳ nhông cũng không ít lần được đưa đến đồn cảnh sát.. Tại đây, các sĩ quan chăm sóc chúng rất chu đáo, thậm chí họ còn tìm kiếm tư vấn từ sách vở, bài viết trực tuyến và bác sĩ thú y.. Theo thống kê, trong năm ngoái Sở cảnh sát Tokyo đã tiếp nhận hơn 4 triệu món đồ thất lạc. Khoảng 70% trong số này, gồm các vật dụng có giá trị như ví tiền, điện thoại di động và các giấy tờ quan trọng, đã được trả lại thành công cho chủ nhân của chúng. Mỗi ngày có hàng chục người dân đến tìm lại những món đồ bị mất.. Các đồ vật bị bỏ quên được đưa về các điểm tiếp nhận đồ ở các nhà ga, đồn cảnh sát nhỏ và các địa điểm công cộng. Trong vòng 2 tuần, nếu không có ai đến nhận thì món đồ sẽ được chuyển về trung tâm tìm đồ thất lạc của cảnh sát Tokyo.. Sau 3 tháng vẫn không có ai đến nhận thì món đồ sẽ được đem bán hoặc bỏ đi.. Sau khi kết thúc đại dịch COVID-19, lượng khách du lịch đến Tokyo tăng mạnh nên lượng đồ thất lạc mà trung tâm cần xử lý cũng gia tăng. Nhiều món đồ là những thiết bị công nghệ nhỏ gọn như tai nghe không dây, quạt cầm tay hay các thiết bị điện tử nhỏ. Tuy nhiên, đồ vật bị mất nhiều nhất vẫn là dù.. Trong năm qua đã có đến 300.000 chiếc dù bị bỏ lại tại các ga tàu và các khu vực công cộng. Tuy nhiên, chỉ có khoảng 3.700 chiếc trong số này được quay về với chủ nhân. Trung tâm đã phải dành riêng một khu vực rộng 200m2 chỉ để chứa dù.. Nữ cảnh sát Nhật Bản làm nhiệm vụ tại trung tâm tìm đồ thất lạc. Số lượng đồ tại đây nhiều đến mức phải có hệ thống dữ liệu trên máy tính để quản lý và nhanh chóng tìm ra khi chủ nhân đến nhận - Ảnh: AFP. Hay cả những can nhựa đựng nước, bánh xe hơi, xe đạp - Ảnh: AFP. Nhiều nhất trong trung tâm vẫn là những chiếc dù - Ảnh: AFP. Một nhân viên rời trung tâm tìm đồ thất lạc. Trong vòng 3 tháng, nếu các món đồ không có người đến nhận, chúng sẽ được bán hoặc bỏ đi - Ảnh: AFP. Cơ quan Du lịch Nhật Bản đang kêu gọi xóa bỏ mức trần mua sắm miễn thuế đối với khách du lịch nước ngoài như một phần của cải cách thuế cho năm tài chính 2025."
Chủ tịch Quốc hội Trần Thanh Mẫn nêu thông điệp về hòa bình tại Campuchia,"
Thế giới
",24/11/2024 15:17 GMT+7,https://cdn.tuoitre.vn/thumb_w/730/471584752817336320/2024/11/24/tran-thanh-man-campuchia-2-1732434822929305378941.png,"Chủ tịch Thượng viện Campuchia Hun Sen đón Chủ tịch Quốc hội Trần Thanh Mẫn đến IPTP 11 sáng 24-11 - Ảnh: TTXVN. Sáng 24-11, tại thủ đô Phnom Penh của Campuchia, Chủ tịch Quốc hội Trần Thanh Mẫn đã dự và có bài phát biểu quan trọng tại phiên khai mạc Phiên họp toàn thể lần thứ 11 Nghị viện quốc tế vì bao dung và hòa bình (IPTP 11) với chủ đề “Tìm kiếm hòa bình, hòa giải và bao dung"".. Tham dự IPTP 11 có các lãnh đạo cấp cao của Campuchia và gần 200 đại biểu là lãnh đạo nghị viện, nghị sĩ các nước và các tổ chức nghị viện khu vực, thế giới đến từ 58 nghị viện thành viên và nghị viện khách mời, đối tác.. Phát biểu tại phiên họp với tư cách là khách mời, Chủ tịch Quốc hội Trần Thanh Mẫn đánh giá cao nỗ lực của ông Hun Sen, chủ tịch Đảng Nhân dân Campuchia, chủ tịch Thượng viện Campuchia và Quốc hội Campuchia trong việc tổ chức IPTP 11.. “Câu chuyện thành công của Campuchia trong củng cố hòa bình, hòa giải, phát triển đất nước là một minh chứng cho mục tiêu cao cả xây dựng một thế giới hòa bình, tốt đẹp hơn, văn minh hơn, nơi con người sống bao dung với nhau"", Chủ tịch Quốc hội Trần Thanh Mẫn nhấn mạnh.. Chia sẻ với lãnh đạo nghị viện, nghị sĩ các nước tham dự IPTP 11, Chủ tịch Quốc hội chỉ rõ hòa bình không chỉ là việc không có chiến tranh, mà còn là sự tôn trọng, yêu thương và chia sẻ giữa các dân tộc, các quốc gia.. Hòa bình là khi chúng ta hiểu và đồng cảm được với mỗi con người, bất kể màu da, tôn giáo hay nguồn gốc dân tộc. Hòa bình là nhằm bảo đảm mỗi con người đều xứng đáng được sống một cuộc sống ấm no, hạnh phúc trong một môi trường an toàn, không bị phân biệt đối xử.. Việt Nam là dân tộc yêu chuộng hòa bình với truyền thống bao dung, nhân nghĩa, hòa hiếu. Trải qua nhiều cuộc chiến tranh giành độc lập dân tộc, thống nhất đất nước, Việt Nam đặc biệt trân trọng giá trị của hòa bình, ổn định, hữu nghị để mỗi người dân đều được hưởng độc lập, tự do, ấm no, hạnh phúc.. Chủ tịch Quốc hội Trần Thanh Mẫn phát biểu tại IPTP 11 sáng 24-11 - Ảnh: TTXVN. Chủ tịch Quốc hội Trần Thanh Mẫn khẳng định Việt Nam ủng hộ các sáng kiến đóng góp cho hòa bình, ổn định của khu vực và thế giới. Đồng thời ủng hộ việc thúc đẩy giải quyết các xung đột, tranh chấp quốc tế bằng các biện pháp hòa bình, không đe dọa hoặc sử dụng vũ lực, tuân thủ luật pháp quốc tế, Hiến chương Liên Hiệp Quốc.. Để xây dựng nền hòa bình, Chủ tịch Quốc hội Trần Thanh Mẫn cho rằng trước hết cần thúc đẩy hiểu biết lẫn nhau, thu hẹp khác biệt giữa các quốc gia, dân tộc. Bên cạnh đó, cần chung tay thúc đẩy phát triển bền vững, bao trùm, giải quyết nguyên nhân gốc rễ của đói nghèo, bất bình đẳng cũng là cách tạo cơ sở bền vững cho một thế giới hòa bình, bao dung.. Ông nhấn mạnh tôn trọng luật pháp quốc tế và thúc đẩy chủ nghĩa đa phương, đặc biệt là vai trò trung tâm của Liên Hiệp Quốc là phương cách văn minh nhất để ngăn ngừa chiến tranh, xung đột.. Chủ tịch Quốc hội khẳng định Việt Nam đánh giá cao và hoàn toàn ủng hộ nỗ lực của Campuchia nhằm thúc đẩy đối thoại, hòa giải, hợp tác.. Là nước láng giềng của Campuchia, Việt Nam tin rằng những kinh nghiệm thành công của Campuchia trong phát triển đất nước và xây dựng quan hệ hữu nghị và hợp tác với các nước láng giềng, khu vực sẽ góp phần thúc đẩy hòa bình, hợp tác ở khu vực cũng như trên thế giới.. Campuchia hiện giữ vai trò chủ tịch IPTP nhiệm kỳ 2023 - 2024 và là nơi đặt trụ sở của GCTP khu vực châu Á - Thái Bình Dương. IPTP đã ký thỏa thuận hợp tác với khoảng 40 nghị viện quốc gia và khu vực, có tư cách quan sát viên của Liên minh Nghị viện thế giới.. Phiên họp năm nay diễn ra từ ngày 23 đến 26-11. Quốc hội Việt Nam chưa phải là thành viên của IPTP và đây là lần đầu tiên cử đoàn tham dự, theo TTXVN.. Chiều 24-11, Chủ tịch Quốc hội Trần Thanh Mẫn rời Phnom Penh, kết thúc tốt đẹp chuyến công du 4 ngày đầu tiên tới Campuchia trên cương vị mới.. Trong khuôn khổ chuyến thăm chính thức Campuchia, Chủ tịch Quốc hội Việt Nam đã yết kiến Quốc vương Norodom Sihamoni; hội đàm với Chủ tịch Quốc hội Khuon Sudary; hội kiến Chủ tịch Đảng Nhân dân Campuchia, Chủ tịch Thượng viện Hun Sen và Thủ tướng Hun Manet.. Ông cũng tiếp nhóm nghị sĩ hữu nghị Campuchia - Việt Nam, dự lễ khánh thành nhà hành chính Quốc hội Campuchia và gặp cộng đồng người Việt Nam tại Campuchia. Nhân dịp này, Nhà nước Campuchia đã trao tặng Chủ tịch Quốc hội Trần Thanh Mẫn Huân chương Công trạng hạng Đại thập tự.. Cũng trong thời gian ở Campuchia, Chủ tịch Quốc hội Việt Nam đã dự và phát biểu tại Hội nghị toàn thể lần thứ 12 của Hội nghị quốc tế các đảng chính trị châu Á với chủ đề “Tìm kiếm hòa bình và hòa giải” ngày 22-11. Trước khi về nước, sáng 24-11, ông đến dự và phát biểu tại Phiên họp toàn thể lần thứ 11 của IPTP.. Lễ đón trọng thể diễn ra tại trụ sở Quốc hội Campuchia ở thủ đô Phnom Penh, do Chủ tịch Quốc hội Campuchia Samdech Khuon Sudary chủ trì."
Nhà đầu tư dự án ngăn triều cho TP.HCM có thể mua cát Campuchia để đắp nền,"
Thời sự
",24/11/2024 15:12 GMT+7,https://cdn.tuoitre.vn/thumb_w/730/471584752817336320/2023/10/30/cong-ngan-trieu-1698661841632725086031.jpg,"Khu vực cống ngăn triều Tân Thuận thuộc dự án Giải quyết ngập do triều khu vực TP.HCM có xét đến yếu tố biến đổi khí hậu - giai đoạn 1 (Dự án ngăn triều 10.000 tỉ đồng) - Ảnh: LÊ PHAN. Theo đó, nhà đầu tư dự án Giải quyết ngập do triều khu vực TP.HCM có xét đến yếu tố biến đổi khí hậu - giai đoạn 1 (dự án ngăn triều 10.000 tỉ đồng) đã đề xuất TP.HCM cho mua cát thương mại từ Campuchia để đắp nền đường.. Bên cạnh đó, nhà đầu tư cũng xin cơ chế đặc thù và cho phép điều chỉnh giá cát tương tự các dự án đầu tư công của TP.. Liên quan hai nội dung trên, Sở Kế hoạch và Đầu tư có công văn đề nghị Sở Tài nguyên và Môi trường có ý kiến.. Về vấn đề này, Sở Tài nguyên và Môi trường TP cho hay thực hiện chỉ đạo tại thông báo số 139 của Văn phòng Chính phủ, Bộ Công Thương đã lập đoàn công tác liên bộ làm việc với Campuchia về phương án nhập khẩu cát làm vật liệu xây dựng.. UBND TP.HCM đã giao Sở Công Thương chủ trì, phối hợp các sở, ngành tham gia đoàn công tác liên bộ. Báo cáo của Sở Công Thương hoạt động mua bán cát từ Campuchia trên thị trường hiện nay là hoạt động ngoại thương thông thường.. Hoạt động được thực hiện theo quy trình nhập khẩu hàng hóa thông thường (không cần giấy phép nhập khẩu). Do đó, nhà đầu tư dự án ngăn triều 10.000 tỉ đồng hoàn toàn có thể chủ động mua cát thương mại từ Campuchia để phục vụ đắp nền cho dự án khi đáp ứng các quy định pháp luật hiện hành.. Về nội dung cơ chế đặc thù và cho phép điều chỉnh giá tương tự các dự án đầu tư công, Sở Tài nguyên và Môi trường cho biết nội dung này không thuộc chuyên môn và phạm vi chức năng tham mưu quản lý nhà nước của sở.. Vì vậy, Sở Tài nguyên và Môi trường TP đề nghị Sở Kế hoạch và Đầu tư lấy ý kiến của các cơ quan, đơn vị có liên quan khác.. Theo báo cáo của nhà đầu tư, tổng mức đầu tư của dự án (nếu hoàn thành năm 2025) dự kiến lên đến 14.398 tỉ đồng. Hiện nay lãi vay phát sinh mỗi ngày khoảng 1,73 tỉ đồng.. Dự án giải quyết ngập do triều khu vực TP.HCM có xét đến yếu tố biến đổi khí hậu - giai đoạn 1 gồm 7 hạng mục, với 6 cống ngăn triều và 7,8km đê kè ven sông Sài Gòn.. Công trình này được triển khai với các mục tiêu ngăn triều cường và ứng phó tác động của biến đổi khí hậu cho khu vực có diện tích 570km² với khoảng 6,5 triệu dân thuộc bờ hữu sông Sài Gòn cùng trung tâm TP.HCM.. Dù khối lượng thi công dự án ngăn triều 10.000 tỉ đồng tại TP.HCM (nhà đầu tư là Tập đoàn Trung Nam) đã hoàn thành 90%, tuy nhiên vẫn bị tạm dừng do những vướng mắc về tài chính và pháp lý."
Việt Nam lần đầu có tác giả được Routledge xuất bản sách khoa học thể thao,"
Thể thao
",24/11/2024 15:08 GMT+7,https://cdn.tuoitre.vn/thumb_w/730/471584752817336320/2024/11/24/tien-si-nguyen-tra-giang-khoa-hoc-the-thao-17324320302261941668812.jpg,"Tiến sĩ Nguyễn Trà Giang - phó chủ tịch Liên đoàn Cờ Việt Nam, trong buổi ra mắt sách hôm 24-11 - Ảnh: KINGVIET. Tiến sĩ Nguyễn Trà Giang và cộng sự - tiến sĩ Oliver Napila Gomez hiện đang công tác tại Trường đại học Quản lý và Công nghệ thành phố Hồ Chí Minh (UMT). Mới đây cả hai đã cùng ra mắt cuốn sách Mô hình thể chất toàn diện và bao hàm - A Unified System Fitness Design (USFD).. Bà Nguyễn Trà Giang cũng là gương mặt khá thân quen trong giới thể thao Việt Nam, khi  đang giữ chức vụ phó chủ tịch Liên đoàn Cờ Việt Nam.. Hôm 24-11, tiến sĩ Nguyễn Trà Giang đã tổ chức hội thảo ""Live well, your way - Sống khỏe cho chính bạn"" và buổi giới thiệu sách Mô hình thể chất toàn diện và bao hàm - A Unified System Fitness Design"" (USFD).. Nghiên cứu trong quyển sách của bà Nguyễn Trà Giang giới thiệu những khái niệm mới về các tố chất thể lực trong cuộc sống hiện đại, nhằm nhấn mạnh rằng sức khỏe là ưu tiên hàng đầu của tất cả mọi người.. Cuốn sách USFD đem đến cho cộng đồng các khái niệm cụ thể về các tố chất thể lực, được cá nhân hoá từ trẻ em, phụ nữ, người cao tuổi, người khuyết tật, phụ nữ mang thai, vận động viên chuyên nghiệp... từ đó mỗi người có thể sống vui khỏe.. Hội thảo và buổi ra mắt sách cũng là dịp để cộng đồng cùng thảo luận về cách mà nghiên cứu khoa học trong thể thao có thể thay đổi nhận thức, nâng cao chất lượng cuộc sống của mỗi người. Đặc biệt khi Việt Nam tham dự các giải đấu thể thao cấp quốc tế, cần phải có sự phát triển và đầu tư của khoa học thể thao. Tác giả cuốn sách, tiến sĩ Nguyễn Trà Giang kỳ vọng những nội dung chứa đựng bên trong được sử dụng rộng rãi trong việc huấn luyện, đào tạo cho VĐV từ phong trào cho đến chuyên nghiệp.. Bà đưa ra ví dụ như người làm văn phòng sẽ có thể trạng khác so với người làm công nhân. Do đó, không có đối tượng nào giống nhau trong cách tiếp cận thể dục, thể thao. Thay vào đó, mỗi người cần phải hiểu rõ về cơ thể, tính chất công việc hằng ngày thì mới có được phương pháp rèn luyện thích hợp nhất.. Chia sẻ cảm nhận về cuốn sách, ông Đặng Hà Việt - cục trưởng Cục Thể dục Thể thao, cho biết: ""Đây là công trình nghiên cứu có giá trị khoa học cao, mang tính ứng dụng thực tiễn xuất sắc trong việc định hướng các chương trình giáo dục thể chất một cách khoa học và bền vững cho nhiều đối tượng. Trong bối cảnh phong trào thể dục thể thao ngày càng được chú trọng và phát triển sâu rộng hiện nay, tôi tin rằng USFD sẽ trở thành nguồn cảm hứng lớn, thúc đẩy tinh thần rèn luyện và nâng cao sức khỏe trong toàn dân, đặc biệt là xây dựng một thế hệ trẻ Việt Nam khỏe mạnh và năng động"".. Và đối tượng mà quyển sách USFD hướng đến không chỉ là những người lành lặn, mà còn cho cả những VĐV khuyết tật.. Ông Lý Đại Nghĩa (phải) hy vọng cuốn sách sẽ giúp mang đến cho cộng đồng người khuyết tật những kiến thức bổ ích để phát triển hơn nữa trong tương lai - Ảnh: KINGVIET. Tham dự buổi hội thảo, tiến sĩ Lý Đại Nghĩa - giám đốc Trung tâm Huấn luyện và Thi đấu thể dục thể thao TP.HCM, phó chủ tịch Ủy ban Paralympic Việt Nam, cho rằng nội dung mang đến từ quyển sách có giá trị lớn với cộng đồng người khuyết tật.. ""Theo thống kê, đất nước ta đâu đó có khoảng từ 8 - 10 triệu người khuyết tật. Tỉ lệ nhóm người này chơi các môn thể dục thể thao ngày càng nhiều. Sau nhiều năm gắn bó với thể thao người khuyết tật, chúng tôi có mong mỏi rất đơn giản rằng các VĐV không chỉ thi đấu giành danh hiệu, mà tự tổ chức được sân chơi cho chính mình. Và một số nội dung trong cuốn sách của tiến sĩ Nguyễn Trà Giang mang đến nhiều kiến thức bổ ích, bản thân tôi hy vọng sẽ giúp đỡ nhiều cho cộng đồng người khuyết tật"", ông Lý Đại Nghĩa nói.. Với niềm tự hào sau 2 năm nghiên cứu và sáng tạo, TS Nguyễn Trà Giang  (Dr. Jane Nguyen) trở thành người Việt Nam đầu tiên được nhà xuất bản danh giá Routledge, một trong những nhà xuất bản học thuật uy tín và lâu đời nhất thế giới lựa chọn xuất bản sách ""Mô hình thể chất toàn diện và bao hàm - A Unified System Fitness Design"" (USFD) vào ngày 24-9-2024 vừa qua. Đây không chỉ là bước ngoặt lớn trong sự nghiệp chuyên môn của bà Trà Giang mà còn mang ý nghĩa đặc biệt đối với khoa học,  nghiên cứu và giáo dục thể thao của Việt Nam trên thế giới.. Hoa hậu Liên lục địa 2022 Lê Nguyễn Bảo Ngọc và 'ông hoàng marathon' Hoàng Nguyên Thanh sẽ là đại sứ Giải Bình Phước Marathon - Trường Tươi Group 2024.. "
